[
{
  "model": "admin.logentry",
  "pk": 1,
  "fields": {
    "action_time": "2023-11-25T05:28:51.741Z",
    "user": 1,
    "content_type": 12,
    "object_id": "1",
    "object_repr": "Profile of admin@example.com",
    "action_flag": 1,
    "change_message": "[{\"added\": {}}]"
  }
},
{
  "model": "admin.logentry",
  "pk": 2,
  "fields": {
    "action_time": "2023-11-25T05:37:07.481Z",
    "user": 1,
    "content_type": 9,
    "object_id": "1",
    "object_repr": "Jinkins",
    "action_flag": 1,
    "change_message": "[{\"added\": {}}]"
  }
},
{
  "model": "admin.logentry",
  "pk": 3,
  "fields": {
    "action_time": "2023-11-25T05:41:23.547Z",
    "user": 1,
    "content_type": 8,
    "object_id": "1",
    "object_repr": "Jinkins season 1",
    "action_flag": 1,
    "change_message": "[{\"added\": {}}]"
  }
},
{
  "model": "admin.logentry",
  "pk": 4,
  "fields": {
    "action_time": "2023-11-25T05:42:50.377Z",
    "user": 1,
    "content_type": 7,
    "object_id": "1",
    "object_repr": "Jinkins, Episode: 1",
    "action_flag": 1,
    "change_message": "[{\"added\": {}}]"
  }
},
{
  "model": "admin.logentry",
  "pk": 5,
  "fields": {
    "action_time": "2023-11-25T14:27:44.539Z",
    "user": 1,
    "content_type": 11,
    "object_id": "1",
    "object_repr": "admin@admin.com",
    "action_flag": 2,
    "change_message": "[{\"changed\": {\"fields\": [\"Username\", \"Email address\"]}}]"
  }
},
{
  "model": "admin.logentry",
  "pk": 6,
  "fields": {
    "action_time": "2023-11-25T15:02:44.213Z",
    "user": 1,
    "content_type": 3,
    "object_id": "1",
    "object_repr": "creator",
    "action_flag": 1,
    "change_message": "[{\"added\": {}}]"
  }
},
{
  "model": "admin.logentry",
  "pk": 7,
  "fields": {
    "action_time": "2023-11-25T15:03:45.880Z",
    "user": 1,
    "content_type": 3,
    "object_id": "2",
    "object_repr": "common_user",
    "action_flag": 1,
    "change_message": "[{\"added\": {}}]"
  }
},
{
  "model": "admin.logentry",
  "pk": 8,
  "fields": {
    "action_time": "2023-11-25T15:23:51.287Z",
    "user": 1,
    "content_type": 19,
    "object_id": "2",
    "object_repr": "asnteprince777@example.com",
    "action_flag": 3,
    "change_message": ""
  }
},
{
  "model": "admin.logentry",
  "pk": 9,
  "fields": {
    "action_time": "2023-11-25T15:23:51.413Z",
    "user": 1,
    "content_type": 19,
    "object_id": "1",
    "object_repr": "user1@example.com",
    "action_flag": 3,
    "change_message": ""
  }
},
{
  "model": "admin.logentry",
  "pk": 10,
  "fields": {
    "action_time": "2023-11-25T15:24:02.152Z",
    "user": 1,
    "content_type": 14,
    "object_id": "2",
    "object_repr": "Profile of asnteprince777@example.com",
    "action_flag": 3,
    "change_message": ""
  }
},
{
  "model": "admin.logentry",
  "pk": 11,
  "fields": {
    "action_time": "2023-11-25T15:24:02.254Z",
    "user": 1,
    "content_type": 14,
    "object_id": "1",
    "object_repr": "Profile of user1@example.com",
    "action_flag": 3,
    "change_message": ""
  }
},
{
  "model": "admin.logentry",
  "pk": 12,
  "fields": {
    "action_time": "2023-11-25T15:24:21.454Z",
    "user": 1,
    "content_type": 11,
    "object_id": "3",
    "object_repr": "asnteprince777@example.com",
    "action_flag": 3,
    "change_message": ""
  }
},
{
  "model": "admin.logentry",
  "pk": 13,
  "fields": {
    "action_time": "2023-11-25T15:24:21.566Z",
    "user": 1,
    "content_type": 11,
    "object_id": "2",
    "object_repr": "user1@example.com",
    "action_flag": 3,
    "change_message": ""
  }
},
{
  "model": "admin.logentry",
  "pk": 14,
  "fields": {
    "action_time": "2023-11-25T15:33:27.740Z",
    "user": 1,
    "content_type": 12,
    "object_id": "1",
    "object_repr": "Profile of admin@admin.com",
    "action_flag": 2,
    "change_message": "[{\"changed\": {\"fields\": [\"Company name\"]}}]"
  }
},
{
  "model": "admin.logentry",
  "pk": 15,
  "fields": {
    "action_time": "2023-11-25T15:35:15.857Z",
    "user": 1,
    "content_type": 9,
    "object_id": "2",
    "object_repr": "Amagedon",
    "action_flag": 1,
    "change_message": "[{\"added\": {}}]"
  }
},
{
  "model": "admin.logentry",
  "pk": 16,
  "fields": {
    "action_time": "2023-11-25T16:25:23.048Z",
    "user": 1,
    "content_type": 9,
    "object_id": "2",
    "object_repr": "Amagedon",
    "action_flag": 2,
    "change_message": "[{\"changed\": {\"fields\": [\"Synopsis\"]}}]"
  }
},
{
  "model": "admin.logentry",
  "pk": 17,
  "fields": {
    "action_time": "2023-11-25T16:44:09.814Z",
    "user": 1,
    "content_type": 9,
    "object_id": "2",
    "object_repr": "Amagedon",
    "action_flag": 2,
    "change_message": "[{\"changed\": {\"fields\": [\"Synopsis\"]}}]"
  }
},
{
  "model": "admin.logentry",
  "pk": 18,
  "fields": {
    "action_time": "2023-11-25T19:51:37.354Z",
    "user": 1,
    "content_type": 9,
    "object_id": "3",
    "object_repr": "Attack on Titan",
    "action_flag": 1,
    "change_message": "[{\"added\": {}}]"
  }
},
{
  "model": "admin.logentry",
  "pk": 19,
  "fields": {
    "action_time": "2023-11-25T19:52:05.957Z",
    "user": 1,
    "content_type": 9,
    "object_id": "4",
    "object_repr": "Docker",
    "action_flag": 1,
    "change_message": "[{\"added\": {}}]"
  }
},
{
  "model": "admin.logentry",
  "pk": 20,
  "fields": {
    "action_time": "2023-11-25T19:52:24.699Z",
    "user": 1,
    "content_type": 9,
    "object_id": "5",
    "object_repr": "Ubuntu",
    "action_flag": 1,
    "change_message": "[{\"added\": {}}]"
  }
},
{
  "model": "admin.logentry",
  "pk": 21,
  "fields": {
    "action_time": "2023-11-25T21:14:57.923Z",
    "user": 1,
    "content_type": 9,
    "object_id": "1",
    "object_repr": "Jinkins",
    "action_flag": 2,
    "change_message": "[{\"changed\": {\"fields\": [\"Tags\"]}}]"
  }
},
{
  "model": "admin.logentry",
  "pk": 22,
  "fields": {
    "action_time": "2023-11-25T21:36:17.098Z",
    "user": 1,
    "content_type": 7,
    "object_id": "1",
    "object_repr": "Jinkins, Episode: 1",
    "action_flag": 2,
    "change_message": "[{\"changed\": {\"fields\": [\"Tags\"]}}]"
  }
},
{
  "model": "admin.logentry",
  "pk": 23,
  "fields": {
    "action_time": "2023-11-25T21:36:27.377Z",
    "user": 1,
    "content_type": 7,
    "object_id": "1",
    "object_repr": "Jinkins, Episode: 1",
    "action_flag": 2,
    "change_message": "[]"
  }
},
{
  "model": "admin.logentry",
  "pk": 24,
  "fields": {
    "action_time": "2023-11-25T22:04:36.268Z",
    "user": 1,
    "content_type": 11,
    "object_id": "4",
    "object_repr": "princeaffumasante@gmail.com",
    "action_flag": 2,
    "change_message": "[{\"changed\": {\"fields\": [\"Is creator\"]}}]"
  }
},
{
  "model": "admin.logentry",
  "pk": 25,
  "fields": {
    "action_time": "2023-11-25T22:05:35.684Z",
    "user": 1,
    "content_type": 12,
    "object_id": "2",
    "object_repr": "Profile of princeaffumasante@gmail.com",
    "action_flag": 1,
    "change_message": "[{\"added\": {}}]"
  }
},
{
  "model": "admin.logentry",
  "pk": 26,
  "fields": {
    "action_time": "2023-11-25T22:32:45.698Z",
    "user": 1,
    "content_type": 9,
    "object_id": "10",
    "object_repr": "Decagon Ball",
    "action_flag": 3,
    "change_message": ""
  }
},
{
  "model": "admin.logentry",
  "pk": 27,
  "fields": {
    "action_time": "2023-11-25T22:32:45.832Z",
    "user": 1,
    "content_type": 9,
    "object_id": "9",
    "object_repr": "Decagon xRX",
    "action_flag": 3,
    "change_message": ""
  }
},
{
  "model": "admin.logentry",
  "pk": 28,
  "fields": {
    "action_time": "2023-11-25T22:32:45.995Z",
    "user": 1,
    "content_type": 9,
    "object_id": "8",
    "object_repr": "Decagon xR",
    "action_flag": 3,
    "change_message": ""
  }
},
{
  "model": "admin.logentry",
  "pk": 29,
  "fields": {
    "action_time": "2023-11-25T22:32:46.122Z",
    "user": 1,
    "content_type": 9,
    "object_id": "7",
    "object_repr": "Decagon x",
    "action_flag": 3,
    "change_message": ""
  }
},
{
  "model": "admin.logentry",
  "pk": 30,
  "fields": {
    "action_time": "2023-11-25T22:32:59.965Z",
    "user": 1,
    "content_type": 26,
    "object_id": "5",
    "object_repr": "\"action\", \"blood\"",
    "action_flag": 3,
    "change_message": ""
  }
},
{
  "model": "admin.logentry",
  "pk": 31,
  "fields": {
    "action_time": "2023-11-25T22:33:00.100Z",
    "user": 1,
    "content_type": 26,
    "object_id": "4",
    "object_repr": "[\"action\", \"blood\"]",
    "action_flag": 3,
    "change_message": ""
  }
},
{
  "model": "admin.logentry",
  "pk": 32,
  "fields": {
    "action_time": "2023-11-25T22:49:10.624Z",
    "user": 1,
    "content_type": 9,
    "object_id": "19",
    "object_repr": "Decagon BallxCCEWwaaaaaa",
    "action_flag": 3,
    "change_message": ""
  }
},
{
  "model": "admin.logentry",
  "pk": 33,
  "fields": {
    "action_time": "2023-11-25T22:49:10.767Z",
    "user": 1,
    "content_type": 9,
    "object_id": "18",
    "object_repr": "Decagon BallxCCEWwa",
    "action_flag": 3,
    "change_message": ""
  }
},
{
  "model": "admin.logentry",
  "pk": 34,
  "fields": {
    "action_time": "2023-11-25T22:49:10.874Z",
    "user": 1,
    "content_type": 9,
    "object_id": "17",
    "object_repr": "Decagon BallxCCEWw",
    "action_flag": 3,
    "change_message": ""
  }
},
{
  "model": "admin.logentry",
  "pk": 35,
  "fields": {
    "action_time": "2023-11-25T22:49:10.985Z",
    "user": 1,
    "content_type": 9,
    "object_id": "16",
    "object_repr": "Decagon BallxCCEW",
    "action_flag": 3,
    "change_message": ""
  }
},
{
  "model": "admin.logentry",
  "pk": 36,
  "fields": {
    "action_time": "2023-11-25T22:49:11.098Z",
    "user": 1,
    "content_type": 9,
    "object_id": "15",
    "object_repr": "Decagon BallxCCE",
    "action_flag": 3,
    "change_message": ""
  }
},
{
  "model": "admin.logentry",
  "pk": 37,
  "fields": {
    "action_time": "2023-11-25T22:49:11.340Z",
    "user": 1,
    "content_type": 9,
    "object_id": "14",
    "object_repr": "Decagon BallxCC",
    "action_flag": 3,
    "change_message": ""
  }
},
{
  "model": "admin.logentry",
  "pk": 38,
  "fields": {
    "action_time": "2023-11-25T22:49:11.462Z",
    "user": 1,
    "content_type": 9,
    "object_id": "13",
    "object_repr": "Decagon BallxC",
    "action_flag": 3,
    "change_message": ""
  }
},
{
  "model": "admin.logentry",
  "pk": 39,
  "fields": {
    "action_time": "2023-11-25T22:49:11.584Z",
    "user": 1,
    "content_type": 9,
    "object_id": "12",
    "object_repr": "Decagon Ballx",
    "action_flag": 3,
    "change_message": ""
  }
},
{
  "model": "admin.logentry",
  "pk": 40,
  "fields": {
    "action_time": "2023-11-25T23:00:07.662Z",
    "user": 1,
    "content_type": 9,
    "object_id": "27",
    "object_repr": "Decagon Baasa123",
    "action_flag": 3,
    "change_message": ""
  }
},
{
  "model": "admin.logentry",
  "pk": 41,
  "fields": {
    "action_time": "2023-11-25T23:00:07.790Z",
    "user": 1,
    "content_type": 9,
    "object_id": "26",
    "object_repr": "Decagon Baasa12",
    "action_flag": 3,
    "change_message": ""
  }
},
{
  "model": "admin.logentry",
  "pk": 42,
  "fields": {
    "action_time": "2023-11-25T23:00:07.886Z",
    "user": 1,
    "content_type": 9,
    "object_id": "25",
    "object_repr": "Decagon Baasa1",
    "action_flag": 3,
    "change_message": ""
  }
},
{
  "model": "admin.logentry",
  "pk": 43,
  "fields": {
    "action_time": "2023-11-25T23:00:07.996Z",
    "user": 1,
    "content_type": 9,
    "object_id": "24",
    "object_repr": "Decagon Baasa",
    "action_flag": 3,
    "change_message": ""
  }
},
{
  "model": "admin.logentry",
  "pk": 44,
  "fields": {
    "action_time": "2023-11-25T23:00:08.111Z",
    "user": 1,
    "content_type": 9,
    "object_id": "23",
    "object_repr": "Decagon Baas",
    "action_flag": 3,
    "change_message": ""
  }
},
{
  "model": "admin.logentry",
  "pk": 45,
  "fields": {
    "action_time": "2023-11-25T23:00:08.229Z",
    "user": 1,
    "content_type": 9,
    "object_id": "22",
    "object_repr": "Decagon Baa",
    "action_flag": 3,
    "change_message": ""
  }
},
{
  "model": "admin.logentry",
  "pk": 46,
  "fields": {
    "action_time": "2023-11-25T23:00:08.375Z",
    "user": 1,
    "content_type": 9,
    "object_id": "21",
    "object_repr": "Decagon Ba",
    "action_flag": 3,
    "change_message": ""
  }
},
{
  "model": "admin.logentry",
  "pk": 47,
  "fields": {
    "action_time": "2023-11-25T23:00:15.903Z",
    "user": 1,
    "content_type": 9,
    "object_id": "20",
    "object_repr": "Decagon BallxCCEWwaaaaaa",
    "action_flag": 3,
    "change_message": ""
  }
},
{
  "model": "admin.logentry",
  "pk": 48,
  "fields": {
    "action_time": "2023-11-25T23:33:39.741Z",
    "user": 1,
    "content_type": 26,
    "object_id": "10",
    "object_repr": "[pen, pencil]",
    "action_flag": 3,
    "change_message": ""
  }
},
{
  "model": "admin.logentry",
  "pk": 49,
  "fields": {
    "action_time": "2023-11-25T23:33:39.877Z",
    "user": 1,
    "content_type": 26,
    "object_id": "6",
    "object_repr": "action, blood",
    "action_flag": 3,
    "change_message": ""
  }
},
{
  "model": "admin.logentry",
  "pk": 50,
  "fields": {
    "action_time": "2023-11-25T23:33:40.001Z",
    "user": 1,
    "content_type": 26,
    "object_id": "7",
    "object_repr": "action, blood, guns",
    "action_flag": 3,
    "change_message": ""
  }
},
{
  "model": "admin.logentry",
  "pk": 51,
  "fields": {
    "action_time": "2023-11-25T23:33:40.124Z",
    "user": 1,
    "content_type": 26,
    "object_id": "9",
    "object_repr": "pen pencil",
    "action_flag": 3,
    "change_message": ""
  }
},
{
  "model": "admin.logentry",
  "pk": 52,
  "fields": {
    "action_time": "2023-11-25T23:33:40.223Z",
    "user": 1,
    "content_type": 26,
    "object_id": "8",
    "object_repr": "pen, pencil, book",
    "action_flag": 3,
    "change_message": ""
  }
},
{
  "model": "admin.logentry",
  "pk": 53,
  "fields": {
    "action_time": "2023-11-25T23:33:40.349Z",
    "user": 1,
    "content_type": 26,
    "object_id": "11",
    "object_repr": "pen,pencil,book",
    "action_flag": 3,
    "change_message": ""
  }
},
{
  "model": "admin.logentry",
  "pk": 54,
  "fields": {
    "action_time": "2023-11-25T23:35:10.251Z",
    "user": 1,
    "content_type": 9,
    "object_id": "30",
    "object_repr": "Decagon Fire",
    "action_flag": 3,
    "change_message": ""
  }
},
{
  "model": "admin.logentry",
  "pk": 55,
  "fields": {
    "action_time": "2023-11-25T23:35:10.336Z",
    "user": 1,
    "content_type": 9,
    "object_id": "29",
    "object_repr": "Decagon Baasa12312a",
    "action_flag": 3,
    "change_message": ""
  }
},
{
  "model": "admin.logentry",
  "pk": 56,
  "fields": {
    "action_time": "2023-11-25T23:35:10.453Z",
    "user": 1,
    "content_type": 9,
    "object_id": "28",
    "object_repr": "Decagon Baasa123",
    "action_flag": 3,
    "change_message": ""
  }
},
{
  "model": "admin.logentry",
  "pk": 57,
  "fields": {
    "action_time": "2023-11-25T23:35:10.537Z",
    "user": 1,
    "content_type": 9,
    "object_id": "11",
    "object_repr": "Decagon Ball",
    "action_flag": 3,
    "change_message": ""
  }
},
{
  "model": "admin.logentry",
  "pk": 58,
  "fields": {
    "action_time": "2023-11-25T23:35:10.685Z",
    "user": 1,
    "content_type": 9,
    "object_id": "6",
    "object_repr": "Pentagon",
    "action_flag": 3,
    "change_message": ""
  }
},
{
  "model": "admin.logentry",
  "pk": 59,
  "fields": {
    "action_time": "2023-11-25T23:35:10.782Z",
    "user": 1,
    "content_type": 9,
    "object_id": "5",
    "object_repr": "Ubuntu",
    "action_flag": 3,
    "change_message": ""
  }
},
{
  "model": "admin.logentry",
  "pk": 60,
  "fields": {
    "action_time": "2023-11-25T23:35:10.930Z",
    "user": 1,
    "content_type": 9,
    "object_id": "4",
    "object_repr": "Docker",
    "action_flag": 3,
    "change_message": ""
  }
},
{
  "model": "admin.logentry",
  "pk": 61,
  "fields": {
    "action_time": "2023-11-25T23:35:47.422Z",
    "user": 1,
    "content_type": 9,
    "object_id": "3",
    "object_repr": "Attack on Titan",
    "action_flag": 2,
    "change_message": "[{\"changed\": {\"fields\": [\"Tags\"]}}]"
  }
},
{
  "model": "admin.logentry",
  "pk": 62,
  "fields": {
    "action_time": "2023-11-25T23:35:58.633Z",
    "user": 1,
    "content_type": 9,
    "object_id": "2",
    "object_repr": "Amagedon",
    "action_flag": 2,
    "change_message": "[{\"changed\": {\"fields\": [\"Tags\"]}}]"
  }
},
{
  "model": "admin.logentry",
  "pk": 63,
  "fields": {
    "action_time": "2023-11-26T00:26:15.306Z",
    "user": 1,
    "content_type": 26,
    "object_id": "18",
    "object_repr": "action,blood,guns,gore",
    "action_flag": 3,
    "change_message": ""
  }
},
{
  "model": "admin.logentry",
  "pk": 64,
  "fields": {
    "action_time": "2023-11-26T00:37:25.500Z",
    "user": 1,
    "content_type": 26,
    "object_id": "25",
    "object_repr": ",",
    "action_flag": 3,
    "change_message": ""
  }
},
{
  "model": "admin.logentry",
  "pk": 65,
  "fields": {
    "action_time": "2023-11-26T00:37:25.608Z",
    "user": 1,
    "content_type": 26,
    "object_id": "19",
    "object_repr": "a",
    "action_flag": 3,
    "change_message": ""
  }
},
{
  "model": "admin.logentry",
  "pk": 66,
  "fields": {
    "action_time": "2023-11-26T00:37:25.729Z",
    "user": 1,
    "content_type": 26,
    "object_id": "3",
    "object_repr": "action",
    "action_flag": 3,
    "change_message": ""
  }
},
{
  "model": "admin.logentry",
  "pk": 67,
  "fields": {
    "action_time": "2023-11-26T00:37:25.855Z",
    "user": 1,
    "content_type": 26,
    "object_id": "34",
    "object_repr": "action,blood,guns,gore",
    "action_flag": 3,
    "change_message": ""
  }
},
{
  "model": "admin.logentry",
  "pk": 68,
  "fields": {
    "action_time": "2023-11-26T00:37:33.387Z",
    "user": 1,
    "content_type": 26,
    "object_id": "26",
    "object_repr": "b",
    "action_flag": 3,
    "change_message": ""
  }
},
{
  "model": "admin.logentry",
  "pk": 69,
  "fields": {
    "action_time": "2023-11-26T00:37:59.670Z",
    "user": 1,
    "content_type": 26,
    "object_id": "20",
    "object_repr": "c",
    "action_flag": 3,
    "change_message": ""
  }
},
{
  "model": "admin.logentry",
  "pk": 70,
  "fields": {
    "action_time": "2023-11-26T00:37:59.811Z",
    "user": 1,
    "content_type": 26,
    "object_id": "28",
    "object_repr": "d",
    "action_flag": 3,
    "change_message": ""
  }
},
{
  "model": "admin.logentry",
  "pk": 71,
  "fields": {
    "action_time": "2023-11-26T00:37:59.909Z",
    "user": 1,
    "content_type": 26,
    "object_id": "33",
    "object_repr": "e",
    "action_flag": 3,
    "change_message": ""
  }
},
{
  "model": "admin.logentry",
  "pk": 72,
  "fields": {
    "action_time": "2023-11-26T00:38:00.012Z",
    "user": 1,
    "content_type": 26,
    "object_id": "29",
    "object_repr": "g",
    "action_flag": 3,
    "change_message": ""
  }
},
{
  "model": "admin.logentry",
  "pk": 73,
  "fields": {
    "action_time": "2023-11-26T00:38:00.132Z",
    "user": 1,
    "content_type": 26,
    "object_id": "22",
    "object_repr": "i",
    "action_flag": 3,
    "change_message": ""
  }
},
{
  "model": "admin.logentry",
  "pk": 74,
  "fields": {
    "action_time": "2023-11-26T00:38:00.243Z",
    "user": 1,
    "content_type": 26,
    "object_id": "27",
    "object_repr": "l",
    "action_flag": 3,
    "change_message": ""
  }
},
{
  "model": "admin.logentry",
  "pk": 75,
  "fields": {
    "action_time": "2023-11-26T00:38:00.367Z",
    "user": 1,
    "content_type": 26,
    "object_id": "24",
    "object_repr": "n",
    "action_flag": 3,
    "change_message": ""
  }
},
{
  "model": "admin.logentry",
  "pk": 76,
  "fields": {
    "action_time": "2023-11-26T00:38:00.510Z",
    "user": 1,
    "content_type": 26,
    "object_id": "23",
    "object_repr": "o",
    "action_flag": 3,
    "change_message": ""
  }
},
{
  "model": "admin.logentry",
  "pk": 77,
  "fields": {
    "action_time": "2023-11-26T00:38:00.649Z",
    "user": 1,
    "content_type": 26,
    "object_id": "32",
    "object_repr": "r",
    "action_flag": 3,
    "change_message": ""
  }
},
{
  "model": "admin.logentry",
  "pk": 78,
  "fields": {
    "action_time": "2023-11-26T00:38:00.823Z",
    "user": 1,
    "content_type": 26,
    "object_id": "31",
    "object_repr": "s",
    "action_flag": 3,
    "change_message": ""
  }
},
{
  "model": "admin.logentry",
  "pk": 79,
  "fields": {
    "action_time": "2023-11-26T00:38:00.964Z",
    "user": 1,
    "content_type": 26,
    "object_id": "21",
    "object_repr": "t",
    "action_flag": 3,
    "change_message": ""
  }
},
{
  "model": "admin.logentry",
  "pk": 80,
  "fields": {
    "action_time": "2023-11-26T00:38:01.089Z",
    "user": 1,
    "content_type": 26,
    "object_id": "30",
    "object_repr": "u",
    "action_flag": 3,
    "change_message": ""
  }
},
{
  "model": "admin.logentry",
  "pk": 81,
  "fields": {
    "action_time": "2023-11-26T00:48:32.723Z",
    "user": 1,
    "content_type": 26,
    "object_id": "39",
    "object_repr": "action,blood,guns,gore",
    "action_flag": 3,
    "change_message": ""
  }
},
{
  "model": "admin.logentry",
  "pk": 82,
  "fields": {
    "action_time": "2023-11-26T01:20:08.646Z",
    "user": 1,
    "content_type": 26,
    "object_id": "47",
    "object_repr": ",",
    "action_flag": 3,
    "change_message": ""
  }
},
{
  "model": "admin.logentry",
  "pk": 83,
  "fields": {
    "action_time": "2023-11-26T01:20:08.868Z",
    "user": 1,
    "content_type": 26,
    "object_id": "41",
    "object_repr": "a",
    "action_flag": 3,
    "change_message": ""
  }
},
{
  "model": "admin.logentry",
  "pk": 84,
  "fields": {
    "action_time": "2023-11-26T01:20:08.987Z",
    "user": 1,
    "content_type": 26,
    "object_id": "56",
    "object_repr": "action,blood",
    "action_flag": 3,
    "change_message": ""
  }
},
{
  "model": "admin.logentry",
  "pk": 85,
  "fields": {
    "action_time": "2023-11-26T01:20:09.109Z",
    "user": 1,
    "content_type": 26,
    "object_id": "40",
    "object_repr": "action,blood,guns,gore",
    "action_flag": 3,
    "change_message": ""
  }
},
{
  "model": "admin.logentry",
  "pk": 86,
  "fields": {
    "action_time": "2023-11-26T01:20:09.242Z",
    "user": 1,
    "content_type": 26,
    "object_id": "58",
    "object_repr": "action,blood,james",
    "action_flag": 3,
    "change_message": ""
  }
},
{
  "model": "admin.logentry",
  "pk": 87,
  "fields": {
    "action_time": "2023-11-26T01:20:09.379Z",
    "user": 1,
    "content_type": 26,
    "object_id": "2",
    "object_repr": "anime",
    "action_flag": 3,
    "change_message": ""
  }
},
{
  "model": "admin.logentry",
  "pk": 88,
  "fields": {
    "action_time": "2023-11-26T01:20:09.489Z",
    "user": 1,
    "content_type": 26,
    "object_id": "48",
    "object_repr": "b",
    "action_flag": 3,
    "change_message": ""
  }
},
{
  "model": "admin.logentry",
  "pk": 89,
  "fields": {
    "action_time": "2023-11-26T01:20:09.599Z",
    "user": 1,
    "content_type": 26,
    "object_id": "35",
    "object_repr": "blood",
    "action_flag": 3,
    "change_message": ""
  }
},
{
  "model": "admin.logentry",
  "pk": 90,
  "fields": {
    "action_time": "2023-11-26T01:20:09.707Z",
    "user": 1,
    "content_type": 26,
    "object_id": "14",
    "object_repr": "book",
    "action_flag": 3,
    "change_message": ""
  }
},
{
  "model": "admin.logentry",
  "pk": 91,
  "fields": {
    "action_time": "2023-11-26T01:20:09.819Z",
    "user": 1,
    "content_type": 26,
    "object_id": "42",
    "object_repr": "c",
    "action_flag": 3,
    "change_message": ""
  }
},
{
  "model": "admin.logentry",
  "pk": 92,
  "fields": {
    "action_time": "2023-11-26T01:20:09.942Z",
    "user": 1,
    "content_type": 26,
    "object_id": "50",
    "object_repr": "d",
    "action_flag": 3,
    "change_message": ""
  }
},
{
  "model": "admin.logentry",
  "pk": 93,
  "fields": {
    "action_time": "2023-11-26T01:20:10.063Z",
    "user": 1,
    "content_type": 26,
    "object_id": "55",
    "object_repr": "e",
    "action_flag": 3,
    "change_message": ""
  }
},
{
  "model": "admin.logentry",
  "pk": 94,
  "fields": {
    "action_time": "2023-11-26T01:20:10.185Z",
    "user": 1,
    "content_type": 26,
    "object_id": "15",
    "object_repr": "fighting",
    "action_flag": 3,
    "change_message": ""
  }
},
{
  "model": "admin.logentry",
  "pk": 95,
  "fields": {
    "action_time": "2023-11-26T01:20:10.342Z",
    "user": 1,
    "content_type": 26,
    "object_id": "51",
    "object_repr": "g",
    "action_flag": 3,
    "change_message": ""
  }
},
{
  "model": "admin.logentry",
  "pk": 96,
  "fields": {
    "action_time": "2023-11-26T01:20:10.476Z",
    "user": 1,
    "content_type": 26,
    "object_id": "59",
    "object_repr": "ghana",
    "action_flag": 3,
    "change_message": ""
  }
},
{
  "model": "admin.logentry",
  "pk": 97,
  "fields": {
    "action_time": "2023-11-26T01:20:10.589Z",
    "user": 1,
    "content_type": 26,
    "object_id": "61",
    "object_repr": "ghana,tigo",
    "action_flag": 3,
    "change_message": ""
  }
},
{
  "model": "admin.logentry",
  "pk": 98,
  "fields": {
    "action_time": "2023-11-26T01:20:10.708Z",
    "user": 1,
    "content_type": 26,
    "object_id": "44",
    "object_repr": "i",
    "action_flag": 3,
    "change_message": ""
  }
},
{
  "model": "admin.logentry",
  "pk": 99,
  "fields": {
    "action_time": "2023-11-26T01:20:10.840Z",
    "user": 1,
    "content_type": 26,
    "object_id": "57",
    "object_repr": "james",
    "action_flag": 3,
    "change_message": ""
  }
},
{
  "model": "admin.logentry",
  "pk": 100,
  "fields": {
    "action_time": "2023-11-26T01:20:10.964Z",
    "user": 1,
    "content_type": 26,
    "object_id": "49",
    "object_repr": "l",
    "action_flag": 3,
    "change_message": ""
  }
},
{
  "model": "admin.logentry",
  "pk": 101,
  "fields": {
    "action_time": "2023-11-26T01:20:11.087Z",
    "user": 1,
    "content_type": 26,
    "object_id": "46",
    "object_repr": "n",
    "action_flag": 3,
    "change_message": ""
  }
},
{
  "model": "admin.logentry",
  "pk": 102,
  "fields": {
    "action_time": "2023-11-26T01:20:11.232Z",
    "user": 1,
    "content_type": 26,
    "object_id": "45",
    "object_repr": "o",
    "action_flag": 3,
    "change_message": ""
  }
},
{
  "model": "admin.logentry",
  "pk": 103,
  "fields": {
    "action_time": "2023-11-26T01:20:11.341Z",
    "user": 1,
    "content_type": 26,
    "object_id": "12",
    "object_repr": "pen",
    "action_flag": 3,
    "change_message": ""
  }
},
{
  "model": "admin.logentry",
  "pk": 104,
  "fields": {
    "action_time": "2023-11-26T01:20:11.490Z",
    "user": 1,
    "content_type": 26,
    "object_id": "13",
    "object_repr": "pencil",
    "action_flag": 3,
    "change_message": ""
  }
},
{
  "model": "admin.logentry",
  "pk": 105,
  "fields": {
    "action_time": "2023-11-26T01:20:11.620Z",
    "user": 1,
    "content_type": 26,
    "object_id": "54",
    "object_repr": "r",
    "action_flag": 3,
    "change_message": ""
  }
},
{
  "model": "admin.logentry",
  "pk": 106,
  "fields": {
    "action_time": "2023-11-26T01:20:11.753Z",
    "user": 1,
    "content_type": 26,
    "object_id": "53",
    "object_repr": "s",
    "action_flag": 3,
    "change_message": ""
  }
},
{
  "model": "admin.logentry",
  "pk": 107,
  "fields": {
    "action_time": "2023-11-26T01:20:11.855Z",
    "user": 1,
    "content_type": 26,
    "object_id": "43",
    "object_repr": "t",
    "action_flag": 3,
    "change_message": ""
  }
},
{
  "model": "admin.logentry",
  "pk": 108,
  "fields": {
    "action_time": "2023-11-26T01:20:11.985Z",
    "user": 1,
    "content_type": 26,
    "object_id": "60",
    "object_repr": "tigo",
    "action_flag": 3,
    "change_message": ""
  }
},
{
  "model": "admin.logentry",
  "pk": 109,
  "fields": {
    "action_time": "2023-11-26T01:20:12.085Z",
    "user": 1,
    "content_type": 26,
    "object_id": "52",
    "object_repr": "u",
    "action_flag": 3,
    "change_message": ""
  }
},
{
  "model": "admin.logentry",
  "pk": 110,
  "fields": {
    "action_time": "2023-11-26T01:25:40.775Z",
    "user": 1,
    "content_type": 26,
    "object_id": "64",
    "object_repr": "ghana,tigo",
    "action_flag": 3,
    "change_message": ""
  }
},
{
  "model": "admin.logentry",
  "pk": 111,
  "fields": {
    "action_time": "2023-11-26T01:26:18.583Z",
    "user": 1,
    "content_type": 26,
    "object_id": "65",
    "object_repr": "ghana,tigo",
    "action_flag": 3,
    "change_message": ""
  }
},
{
  "model": "admin.logentry",
  "pk": 112,
  "fields": {
    "action_time": "2023-11-26T01:44:56.635Z",
    "user": 1,
    "content_type": 26,
    "object_id": "70",
    "object_repr": ",",
    "action_flag": 3,
    "change_message": ""
  }
},
{
  "model": "admin.logentry",
  "pk": 113,
  "fields": {
    "action_time": "2023-11-26T01:44:56.831Z",
    "user": 1,
    "content_type": 26,
    "object_id": "69",
    "object_repr": "a",
    "action_flag": 3,
    "change_message": ""
  }
},
{
  "model": "admin.logentry",
  "pk": 114,
  "fields": {
    "action_time": "2023-11-26T01:44:57.051Z",
    "user": 1,
    "content_type": 26,
    "object_id": "81",
    "object_repr": "ben",
    "action_flag": 3,
    "change_message": ""
  }
},
{
  "model": "admin.logentry",
  "pk": 115,
  "fields": {
    "action_time": "2023-11-26T01:44:57.276Z",
    "user": 1,
    "content_type": 26,
    "object_id": "82",
    "object_repr": "ben,carson",
    "action_flag": 3,
    "change_message": ""
  }
},
{
  "model": "admin.logentry",
  "pk": 116,
  "fields": {
    "action_time": "2023-11-26T01:44:57.498Z",
    "user": 1,
    "content_type": 26,
    "object_id": "84",
    "object_repr": "ben,carson,james",
    "action_flag": 3,
    "change_message": ""
  }
},
{
  "model": "admin.logentry",
  "pk": 117,
  "fields": {
    "action_time": "2023-11-26T01:44:57.747Z",
    "user": 1,
    "content_type": 26,
    "object_id": "80",
    "object_repr": "carson",
    "action_flag": 3,
    "change_message": ""
  }
},
{
  "model": "admin.logentry",
  "pk": 118,
  "fields": {
    "action_time": "2023-11-26T01:44:57.947Z",
    "user": 1,
    "content_type": 26,
    "object_id": "86",
    "object_repr": "daniel",
    "action_flag": 3,
    "change_message": ""
  }
},
{
  "model": "admin.logentry",
  "pk": 119,
  "fields": {
    "action_time": "2023-11-26T01:44:58.094Z",
    "user": 1,
    "content_type": 26,
    "object_id": "75",
    "object_repr": "e",
    "action_flag": 3,
    "change_message": ""
  }
},
{
  "model": "admin.logentry",
  "pk": 120,
  "fields": {
    "action_time": "2023-11-26T01:44:58.205Z",
    "user": 1,
    "content_type": 26,
    "object_id": "73",
    "object_repr": "g",
    "action_flag": 3,
    "change_message": ""
  }
},
{
  "model": "admin.logentry",
  "pk": 121,
  "fields": {
    "action_time": "2023-11-26T01:44:58.338Z",
    "user": 1,
    "content_type": 26,
    "object_id": "62",
    "object_repr": "ghana",
    "action_flag": 3,
    "change_message": ""
  }
},
{
  "model": "admin.logentry",
  "pk": 122,
  "fields": {
    "action_time": "2023-11-26T01:44:58.461Z",
    "user": 1,
    "content_type": 26,
    "object_id": "74",
    "object_repr": "ghana,tigo",
    "action_flag": 3,
    "change_message": ""
  }
},
{
  "model": "admin.logentry",
  "pk": 123,
  "fields": {
    "action_time": "2023-11-26T01:44:58.571Z",
    "user": 1,
    "content_type": 26,
    "object_id": "36",
    "object_repr": "guns",
    "action_flag": 3,
    "change_message": ""
  }
},
{
  "model": "admin.logentry",
  "pk": 124,
  "fields": {
    "action_time": "2023-11-26T01:44:58.726Z",
    "user": 1,
    "content_type": 26,
    "object_id": "67",
    "object_repr": "h",
    "action_flag": 3,
    "change_message": ""
  }
},
{
  "model": "admin.logentry",
  "pk": 125,
  "fields": {
    "action_time": "2023-11-26T01:44:58.848Z",
    "user": 1,
    "content_type": 26,
    "object_id": "71",
    "object_repr": "i",
    "action_flag": 3,
    "change_message": ""
  }
},
{
  "model": "admin.logentry",
  "pk": 126,
  "fields": {
    "action_time": "2023-11-26T01:44:58.970Z",
    "user": 1,
    "content_type": 26,
    "object_id": "83",
    "object_repr": "james",
    "action_flag": 3,
    "change_message": ""
  }
},
{
  "model": "admin.logentry",
  "pk": 127,
  "fields": {
    "action_time": "2023-11-26T01:44:59.073Z",
    "user": 1,
    "content_type": 26,
    "object_id": "85",
    "object_repr": "lion",
    "action_flag": 3,
    "change_message": ""
  }
},
{
  "model": "admin.logentry",
  "pk": 128,
  "fields": {
    "action_time": "2023-11-26T01:44:59.171Z",
    "user": 1,
    "content_type": 26,
    "object_id": "87",
    "object_repr": "lion,daniel",
    "action_flag": 3,
    "change_message": ""
  }
},
{
  "model": "admin.logentry",
  "pk": 129,
  "fields": {
    "action_time": "2023-11-26T01:44:59.293Z",
    "user": 1,
    "content_type": 26,
    "object_id": "72",
    "object_repr": "n",
    "action_flag": 3,
    "change_message": ""
  }
},
{
  "model": "admin.logentry",
  "pk": 130,
  "fields": {
    "action_time": "2023-11-26T01:44:59.448Z",
    "user": 1,
    "content_type": 26,
    "object_id": "66",
    "object_repr": "o",
    "action_flag": 3,
    "change_message": ""
  }
},
{
  "model": "admin.logentry",
  "pk": 131,
  "fields": {
    "action_time": "2023-11-26T01:44:59.582Z",
    "user": 1,
    "content_type": 26,
    "object_id": "78",
    "object_repr": "one",
    "action_flag": 3,
    "change_message": ""
  }
},
{
  "model": "admin.logentry",
  "pk": 132,
  "fields": {
    "action_time": "2023-11-26T01:44:59.707Z",
    "user": 1,
    "content_type": 26,
    "object_id": "77",
    "object_repr": "one,two",
    "action_flag": 3,
    "change_message": ""
  }
},
{
  "model": "admin.logentry",
  "pk": 133,
  "fields": {
    "action_time": "2023-11-26T01:44:59.850Z",
    "user": 1,
    "content_type": 26,
    "object_id": "16",
    "object_repr": "street _fight",
    "action_flag": 3,
    "change_message": ""
  }
},
{
  "model": "admin.logentry",
  "pk": 134,
  "fields": {
    "action_time": "2023-11-26T01:44:59.985Z",
    "user": 1,
    "content_type": 26,
    "object_id": "68",
    "object_repr": "t",
    "action_flag": 3,
    "change_message": ""
  }
},
{
  "model": "admin.logentry",
  "pk": 135,
  "fields": {
    "action_time": "2023-11-26T01:45:00.092Z",
    "user": 1,
    "content_type": 26,
    "object_id": "63",
    "object_repr": "tigo",
    "action_flag": 3,
    "change_message": ""
  }
},
{
  "model": "admin.logentry",
  "pk": 136,
  "fields": {
    "action_time": "2023-11-26T01:45:00.204Z",
    "user": 1,
    "content_type": 26,
    "object_id": "79",
    "object_repr": "two",
    "action_flag": 3,
    "change_message": ""
  }
},
{
  "model": "admin.logentry",
  "pk": 137,
  "fields": {
    "action_time": "2023-11-26T01:45:00.337Z",
    "user": 1,
    "content_type": 26,
    "object_id": "76",
    "object_repr": "w",
    "action_flag": 3,
    "change_message": ""
  }
},
{
  "model": "admin.logentry",
  "pk": 138,
  "fields": {
    "action_time": "2023-11-26T02:03:29.152Z",
    "user": 1,
    "content_type": 26,
    "object_id": "90",
    "object_repr": "one,two",
    "action_flag": 3,
    "change_message": ""
  }
},
{
  "model": "admin.logentry",
  "pk": 139,
  "fields": {
    "action_time": "2023-11-26T02:03:29.276Z",
    "user": 1,
    "content_type": 26,
    "object_id": "91",
    "object_repr": "three",
    "action_flag": 3,
    "change_message": ""
  }
},
{
  "model": "admin.logentry",
  "pk": 140,
  "fields": {
    "action_time": "2023-11-26T02:03:29.397Z",
    "user": 1,
    "content_type": 26,
    "object_id": "94",
    "object_repr": "three, four",
    "action_flag": 3,
    "change_message": ""
  }
},
{
  "model": "admin.logentry",
  "pk": 141,
  "fields": {
    "action_time": "2023-11-26T02:03:29.531Z",
    "user": 1,
    "content_type": 26,
    "object_id": "93",
    "object_repr": "three,four",
    "action_flag": 3,
    "change_message": ""
  }
},
{
  "model": "admin.logentry",
  "pk": 142,
  "fields": {
    "action_time": "2023-11-26T02:16:00.846Z",
    "user": 1,
    "content_type": 26,
    "object_id": "96",
    "object_repr": "three, four",
    "action_flag": 3,
    "change_message": ""
  }
},
{
  "model": "admin.logentry",
  "pk": 143,
  "fields": {
    "action_time": "2023-11-28T16:16:19.938Z",
    "user": 1,
    "content_type": 8,
    "object_id": "2",
    "object_repr": "Amagedon season 1",
    "action_flag": 1,
    "change_message": "[{\"added\": {}}]"
  }
},
{
  "model": "admin.logentry",
  "pk": 144,
  "fields": {
    "action_time": "2023-11-28T16:18:33.759Z",
    "user": 1,
    "content_type": 10,
    "object_id": "1",
    "object_repr": "Amagedon, Episode: 1",
    "action_flag": 1,
    "change_message": "[{\"added\": {}}]"
  }
},
{
  "model": "admin.logentry",
  "pk": 145,
  "fields": {
    "action_time": "2023-11-28T16:19:20.633Z",
    "user": 1,
    "content_type": 10,
    "object_id": "2",
    "object_repr": "Amagedon, Episode: 2",
    "action_flag": 1,
    "change_message": "[{\"added\": {}}]"
  }
},
{
  "model": "admin.logentry",
  "pk": 146,
  "fields": {
    "action_time": "2023-11-28T16:19:55.233Z",
    "user": 1,
    "content_type": 10,
    "object_id": "3",
    "object_repr": "Amagedon, Episode: 3",
    "action_flag": 1,
    "change_message": "[{\"added\": {}}]"
  }
},
{
  "model": "admin.logentry",
  "pk": 147,
  "fields": {
    "action_time": "2023-11-28T16:20:06.145Z",
    "user": 1,
    "content_type": 10,
    "object_id": "2",
    "object_repr": "Amagedon, Episode: 2",
    "action_flag": 2,
    "change_message": "[{\"changed\": {\"fields\": [\"Thumbnail\"]}}]"
  }
},
{
  "model": "admin.logentry",
  "pk": 148,
  "fields": {
    "action_time": "2023-11-28T21:25:59.717Z",
    "user": 1,
    "content_type": 12,
    "object_id": "2",
    "object_repr": "Profile of princeaffumasante@gmail.com",
    "action_flag": 2,
    "change_message": "[{\"changed\": {\"fields\": [\"Creator logo\"]}}]"
  }
},
{
  "model": "admin.logentry",
  "pk": 149,
  "fields": {
    "action_time": "2023-11-28T21:26:22.716Z",
    "user": 1,
    "content_type": 12,
    "object_id": "2",
    "object_repr": "Profile of princeaffumasante@gmail.com",
    "action_flag": 2,
    "change_message": "[{\"changed\": {\"fields\": [\"Creator logo\"]}}]"
  }
},
{
  "model": "admin.logentry",
  "pk": 150,
  "fields": {
    "action_time": "2023-11-28T21:27:09.514Z",
    "user": 1,
    "content_type": 14,
    "object_id": "3",
    "object_repr": "Profile of princeaffumasante@gmail.com",
    "action_flag": 3,
    "change_message": ""
  }
},
{
  "model": "admin.logentry",
  "pk": 151,
  "fields": {
    "action_time": "2023-11-29T17:08:19.189Z",
    "user": 1,
    "content_type": 7,
    "object_id": "2",
    "object_repr": "Amagedon, Episode: 1",
    "action_flag": 1,
    "change_message": "[{\"added\": {}}]"
  }
},
{
  "model": "admin.logentry",
  "pk": 152,
  "fields": {
    "action_time": "2023-11-29T17:08:26.777Z",
    "user": 1,
    "content_type": 7,
    "object_id": "2",
    "object_repr": "Amagedon, Episode: 1",
    "action_flag": 3,
    "change_message": ""
  }
},
{
  "model": "admin.logentry",
  "pk": 153,
  "fields": {
    "action_time": "2023-11-29T17:41:31.120Z",
    "user": 1,
    "content_type": 7,
    "object_id": "7",
    "object_repr": "Den of Monkeys, Episode: 3",
    "action_flag": 2,
    "change_message": "[{\"changed\": {\"fields\": [\"Thumbnail\"]}}]"
  }
},
{
  "model": "admin.logentry",
  "pk": 154,
  "fields": {
    "action_time": "2023-11-29T17:41:46.165Z",
    "user": 1,
    "content_type": 7,
    "object_id": "10",
    "object_repr": "Den of Monkeys, Episode: 6",
    "action_flag": 3,
    "change_message": ""
  }
},
{
  "model": "admin.logentry",
  "pk": 155,
  "fields": {
    "action_time": "2023-11-29T17:41:46.320Z",
    "user": 1,
    "content_type": 7,
    "object_id": "9",
    "object_repr": "Den of Monkeys, Episode: 5",
    "action_flag": 3,
    "change_message": ""
  }
},
{
  "model": "admin.logentry",
  "pk": 156,
  "fields": {
    "action_time": "2023-11-29T17:41:46.612Z",
    "user": 1,
    "content_type": 7,
    "object_id": "8",
    "object_repr": "Den of Monkeys, Episode: 4",
    "action_flag": 3,
    "change_message": ""
  }
},
{
  "model": "admin.logentry",
  "pk": 157,
  "fields": {
    "action_time": "2023-11-29T17:41:47.063Z",
    "user": 1,
    "content_type": 7,
    "object_id": "7",
    "object_repr": "Den of Monkeys, Episode: 3",
    "action_flag": 3,
    "change_message": ""
  }
},
{
  "model": "admin.logentry",
  "pk": 158,
  "fields": {
    "action_time": "2023-11-29T18:49:59.698Z",
    "user": 1,
    "content_type": 7,
    "object_id": "12",
    "object_repr": "Den of Monkeys, Episode: 7",
    "action_flag": 1,
    "change_message": "[{\"added\": {}}]"
  }
},
{
  "model": "admin.logentry",
  "pk": 159,
  "fields": {
    "action_time": "2023-11-29T21:10:59.729Z",
    "user": 1,
    "content_type": 7,
    "object_id": "30",
    "object_repr": "Den of Monkeys, Episode: 11",
    "action_flag": 3,
    "change_message": ""
  }
},
{
  "model": "admin.logentry",
  "pk": 160,
  "fields": {
    "action_time": "2023-11-29T21:10:59.858Z",
    "user": 1,
    "content_type": 7,
    "object_id": "29",
    "object_repr": "Den of Monkeys, Episode: 11",
    "action_flag": 3,
    "change_message": ""
  }
},
{
  "model": "admin.logentry",
  "pk": 161,
  "fields": {
    "action_time": "2023-11-29T21:10:59.987Z",
    "user": 1,
    "content_type": 7,
    "object_id": "28",
    "object_repr": "Den of Monkeys, Episode: 11",
    "action_flag": 3,
    "change_message": ""
  }
},
{
  "model": "admin.logentry",
  "pk": 162,
  "fields": {
    "action_time": "2023-11-29T21:11:00.118Z",
    "user": 1,
    "content_type": 7,
    "object_id": "27",
    "object_repr": "Den of Monkeys, Episode: 11",
    "action_flag": 3,
    "change_message": ""
  }
},
{
  "model": "admin.logentry",
  "pk": 163,
  "fields": {
    "action_time": "2023-11-29T21:11:00.219Z",
    "user": 1,
    "content_type": 7,
    "object_id": "26",
    "object_repr": "Den of Monkeys, Episode: 11",
    "action_flag": 3,
    "change_message": ""
  }
},
{
  "model": "admin.logentry",
  "pk": 164,
  "fields": {
    "action_time": "2023-11-29T21:11:00.408Z",
    "user": 1,
    "content_type": 7,
    "object_id": "25",
    "object_repr": "Den of Monkeys, Episode: 11",
    "action_flag": 3,
    "change_message": ""
  }
},
{
  "model": "admin.logentry",
  "pk": 165,
  "fields": {
    "action_time": "2023-11-29T21:11:00.598Z",
    "user": 1,
    "content_type": 7,
    "object_id": "24",
    "object_repr": "Den of Monkeys, Episode: 11",
    "action_flag": 3,
    "change_message": ""
  }
},
{
  "model": "admin.logentry",
  "pk": 166,
  "fields": {
    "action_time": "2023-11-29T21:11:00.732Z",
    "user": 1,
    "content_type": 7,
    "object_id": "23",
    "object_repr": "Den of Monkeys, Episode: 11",
    "action_flag": 3,
    "change_message": ""
  }
},
{
  "model": "admin.logentry",
  "pk": 167,
  "fields": {
    "action_time": "2023-11-29T21:11:00.851Z",
    "user": 1,
    "content_type": 7,
    "object_id": "22",
    "object_repr": "Den of Monkeys, Episode: 11",
    "action_flag": 3,
    "change_message": ""
  }
},
{
  "model": "admin.logentry",
  "pk": 168,
  "fields": {
    "action_time": "2023-11-29T21:11:01.021Z",
    "user": 1,
    "content_type": 7,
    "object_id": "21",
    "object_repr": "Den of Monkeys, Episode: 11",
    "action_flag": 3,
    "change_message": ""
  }
},
{
  "model": "admin.logentry",
  "pk": 169,
  "fields": {
    "action_time": "2023-11-29T21:11:01.157Z",
    "user": 1,
    "content_type": 7,
    "object_id": "20",
    "object_repr": "Den of Monkeys, Episode: 11",
    "action_flag": 3,
    "change_message": ""
  }
},
{
  "model": "admin.logentry",
  "pk": 170,
  "fields": {
    "action_time": "2023-11-29T21:11:01.323Z",
    "user": 1,
    "content_type": 7,
    "object_id": "19",
    "object_repr": "Den of Monkeys, Episode: 23",
    "action_flag": 3,
    "change_message": ""
  }
},
{
  "model": "admin.logentry",
  "pk": 171,
  "fields": {
    "action_time": "2023-11-29T21:11:01.490Z",
    "user": 1,
    "content_type": 7,
    "object_id": "18",
    "object_repr": "Den of Monkeys, Episode: 22",
    "action_flag": 3,
    "change_message": ""
  }
},
{
  "model": "admin.logentry",
  "pk": 172,
  "fields": {
    "action_time": "2023-11-29T21:11:01.631Z",
    "user": 1,
    "content_type": 7,
    "object_id": "17",
    "object_repr": "Den of Monkeys, Episode: 11",
    "action_flag": 3,
    "change_message": ""
  }
},
{
  "model": "admin.logentry",
  "pk": 173,
  "fields": {
    "action_time": "2023-11-29T21:11:01.888Z",
    "user": 1,
    "content_type": 7,
    "object_id": "16",
    "object_repr": "Den of Monkeys, Episode: 10",
    "action_flag": 3,
    "change_message": ""
  }
},
{
  "model": "admin.logentry",
  "pk": 174,
  "fields": {
    "action_time": "2023-11-29T21:11:02.138Z",
    "user": 1,
    "content_type": 7,
    "object_id": "15",
    "object_repr": "Den of Monkeys, Episode: 10",
    "action_flag": 3,
    "change_message": ""
  }
},
{
  "model": "admin.logentry",
  "pk": 175,
  "fields": {
    "action_time": "2023-11-29T21:11:02.431Z",
    "user": 1,
    "content_type": 7,
    "object_id": "14",
    "object_repr": "Den of Monkeys, Episode: 15",
    "action_flag": 3,
    "change_message": ""
  }
},
{
  "model": "auth.permission",
  "pk": 1,
  "fields": {
    "name": "Can add log entry",
    "content_type": 1,
    "codename": "add_logentry"
  }
},
{
  "model": "auth.permission",
  "pk": 2,
  "fields": {
    "name": "Can change log entry",
    "content_type": 1,
    "codename": "change_logentry"
  }
},
{
  "model": "auth.permission",
  "pk": 3,
  "fields": {
    "name": "Can delete log entry",
    "content_type": 1,
    "codename": "delete_logentry"
  }
},
{
  "model": "auth.permission",
  "pk": 4,
  "fields": {
    "name": "Can view log entry",
    "content_type": 1,
    "codename": "view_logentry"
  }
},
{
  "model": "auth.permission",
  "pk": 5,
  "fields": {
    "name": "Can add permission",
    "content_type": 2,
    "codename": "add_permission"
  }
},
{
  "model": "auth.permission",
  "pk": 6,
  "fields": {
    "name": "Can change permission",
    "content_type": 2,
    "codename": "change_permission"
  }
},
{
  "model": "auth.permission",
  "pk": 7,
  "fields": {
    "name": "Can delete permission",
    "content_type": 2,
    "codename": "delete_permission"
  }
},
{
  "model": "auth.permission",
  "pk": 8,
  "fields": {
    "name": "Can view permission",
    "content_type": 2,
    "codename": "view_permission"
  }
},
{
  "model": "auth.permission",
  "pk": 9,
  "fields": {
    "name": "Can add group",
    "content_type": 3,
    "codename": "add_group"
  }
},
{
  "model": "auth.permission",
  "pk": 10,
  "fields": {
    "name": "Can change group",
    "content_type": 3,
    "codename": "change_group"
  }
},
{
  "model": "auth.permission",
  "pk": 11,
  "fields": {
    "name": "Can delete group",
    "content_type": 3,
    "codename": "delete_group"
  }
},
{
  "model": "auth.permission",
  "pk": 12,
  "fields": {
    "name": "Can view group",
    "content_type": 3,
    "codename": "view_group"
  }
},
{
  "model": "auth.permission",
  "pk": 13,
  "fields": {
    "name": "Can add content type",
    "content_type": 4,
    "codename": "add_contenttype"
  }
},
{
  "model": "auth.permission",
  "pk": 14,
  "fields": {
    "name": "Can change content type",
    "content_type": 4,
    "codename": "change_contenttype"
  }
},
{
  "model": "auth.permission",
  "pk": 15,
  "fields": {
    "name": "Can delete content type",
    "content_type": 4,
    "codename": "delete_contenttype"
  }
},
{
  "model": "auth.permission",
  "pk": 16,
  "fields": {
    "name": "Can view content type",
    "content_type": 4,
    "codename": "view_contenttype"
  }
},
{
  "model": "auth.permission",
  "pk": 17,
  "fields": {
    "name": "Can add session",
    "content_type": 5,
    "codename": "add_session"
  }
},
{
  "model": "auth.permission",
  "pk": 18,
  "fields": {
    "name": "Can change session",
    "content_type": 5,
    "codename": "change_session"
  }
},
{
  "model": "auth.permission",
  "pk": 19,
  "fields": {
    "name": "Can delete session",
    "content_type": 5,
    "codename": "delete_session"
  }
},
{
  "model": "auth.permission",
  "pk": 20,
  "fields": {
    "name": "Can view session",
    "content_type": 5,
    "codename": "view_session"
  }
},
{
  "model": "auth.permission",
  "pk": 21,
  "fields": {
    "name": "Can add site",
    "content_type": 6,
    "codename": "add_site"
  }
},
{
  "model": "auth.permission",
  "pk": 22,
  "fields": {
    "name": "Can change site",
    "content_type": 6,
    "codename": "change_site"
  }
},
{
  "model": "auth.permission",
  "pk": 23,
  "fields": {
    "name": "Can delete site",
    "content_type": 6,
    "codename": "delete_site"
  }
},
{
  "model": "auth.permission",
  "pk": 24,
  "fields": {
    "name": "Can view site",
    "content_type": 6,
    "codename": "view_site"
  }
},
{
  "model": "auth.permission",
  "pk": 25,
  "fields": {
    "name": "Can add Animation",
    "content_type": 7,
    "codename": "add_anime"
  }
},
{
  "model": "auth.permission",
  "pk": 26,
  "fields": {
    "name": "Can change Animation",
    "content_type": 7,
    "codename": "change_anime"
  }
},
{
  "model": "auth.permission",
  "pk": 27,
  "fields": {
    "name": "Can delete Animation",
    "content_type": 7,
    "codename": "delete_anime"
  }
},
{
  "model": "auth.permission",
  "pk": 28,
  "fields": {
    "name": "Can view Animation",
    "content_type": 7,
    "codename": "view_anime"
  }
},
{
  "model": "auth.permission",
  "pk": 29,
  "fields": {
    "name": "Can add season",
    "content_type": 8,
    "codename": "add_season"
  }
},
{
  "model": "auth.permission",
  "pk": 30,
  "fields": {
    "name": "Can change season",
    "content_type": 8,
    "codename": "change_season"
  }
},
{
  "model": "auth.permission",
  "pk": 31,
  "fields": {
    "name": "Can delete season",
    "content_type": 8,
    "codename": "delete_season"
  }
},
{
  "model": "auth.permission",
  "pk": 32,
  "fields": {
    "name": "Can view season",
    "content_type": 8,
    "codename": "view_season"
  }
},
{
  "model": "auth.permission",
  "pk": 33,
  "fields": {
    "name": "Can add series",
    "content_type": 9,
    "codename": "add_series"
  }
},
{
  "model": "auth.permission",
  "pk": 34,
  "fields": {
    "name": "Can change series",
    "content_type": 9,
    "codename": "change_series"
  }
},
{
  "model": "auth.permission",
  "pk": 35,
  "fields": {
    "name": "Can delete series",
    "content_type": 9,
    "codename": "delete_series"
  }
},
{
  "model": "auth.permission",
  "pk": 36,
  "fields": {
    "name": "Can view series",
    "content_type": 9,
    "codename": "view_series"
  }
},
{
  "model": "auth.permission",
  "pk": 37,
  "fields": {
    "name": "Can add Story",
    "content_type": 10,
    "codename": "add_story"
  }
},
{
  "model": "auth.permission",
  "pk": 38,
  "fields": {
    "name": "Can change Story",
    "content_type": 10,
    "codename": "change_story"
  }
},
{
  "model": "auth.permission",
  "pk": 39,
  "fields": {
    "name": "Can delete Story",
    "content_type": 10,
    "codename": "delete_story"
  }
},
{
  "model": "auth.permission",
  "pk": 40,
  "fields": {
    "name": "Can view Story",
    "content_type": 10,
    "codename": "view_story"
  }
},
{
  "model": "auth.permission",
  "pk": 41,
  "fields": {
    "name": "Can add user",
    "content_type": 11,
    "codename": "add_customuser"
  }
},
{
  "model": "auth.permission",
  "pk": 42,
  "fields": {
    "name": "Can change user",
    "content_type": 11,
    "codename": "change_customuser"
  }
},
{
  "model": "auth.permission",
  "pk": 43,
  "fields": {
    "name": "Can delete user",
    "content_type": 11,
    "codename": "delete_customuser"
  }
},
{
  "model": "auth.permission",
  "pk": 44,
  "fields": {
    "name": "Can view user",
    "content_type": 11,
    "codename": "view_customuser"
  }
},
{
  "model": "auth.permission",
  "pk": 45,
  "fields": {
    "name": "Can add creator profile",
    "content_type": 12,
    "codename": "add_creatorprofile"
  }
},
{
  "model": "auth.permission",
  "pk": 46,
  "fields": {
    "name": "Can change creator profile",
    "content_type": 12,
    "codename": "change_creatorprofile"
  }
},
{
  "model": "auth.permission",
  "pk": 47,
  "fields": {
    "name": "Can delete creator profile",
    "content_type": 12,
    "codename": "delete_creatorprofile"
  }
},
{
  "model": "auth.permission",
  "pk": 48,
  "fields": {
    "name": "Can view creator profile",
    "content_type": 12,
    "codename": "view_creatorprofile"
  }
},
{
  "model": "auth.permission",
  "pk": 49,
  "fields": {
    "name": "Can add follow",
    "content_type": 13,
    "codename": "add_follow"
  }
},
{
  "model": "auth.permission",
  "pk": 50,
  "fields": {
    "name": "Can change follow",
    "content_type": 13,
    "codename": "change_follow"
  }
},
{
  "model": "auth.permission",
  "pk": 51,
  "fields": {
    "name": "Can delete follow",
    "content_type": 13,
    "codename": "delete_follow"
  }
},
{
  "model": "auth.permission",
  "pk": 52,
  "fields": {
    "name": "Can view follow",
    "content_type": 13,
    "codename": "view_follow"
  }
},
{
  "model": "auth.permission",
  "pk": 53,
  "fields": {
    "name": "Can add user profile",
    "content_type": 14,
    "codename": "add_userprofile"
  }
},
{
  "model": "auth.permission",
  "pk": 54,
  "fields": {
    "name": "Can change user profile",
    "content_type": 14,
    "codename": "change_userprofile"
  }
},
{
  "model": "auth.permission",
  "pk": 55,
  "fields": {
    "name": "Can delete user profile",
    "content_type": 14,
    "codename": "delete_userprofile"
  }
},
{
  "model": "auth.permission",
  "pk": 56,
  "fields": {
    "name": "Can view user profile",
    "content_type": 14,
    "codename": "view_userprofile"
  }
},
{
  "model": "auth.permission",
  "pk": 57,
  "fields": {
    "name": "Can add favorite",
    "content_type": 15,
    "codename": "add_favorite"
  }
},
{
  "model": "auth.permission",
  "pk": 58,
  "fields": {
    "name": "Can change favorite",
    "content_type": 15,
    "codename": "change_favorite"
  }
},
{
  "model": "auth.permission",
  "pk": 59,
  "fields": {
    "name": "Can delete favorite",
    "content_type": 15,
    "codename": "delete_favorite"
  }
},
{
  "model": "auth.permission",
  "pk": 60,
  "fields": {
    "name": "Can view favorite",
    "content_type": 15,
    "codename": "view_favorite"
  }
},
{
  "model": "auth.permission",
  "pk": 61,
  "fields": {
    "name": "Can add comment",
    "content_type": 16,
    "codename": "add_comment"
  }
},
{
  "model": "auth.permission",
  "pk": 62,
  "fields": {
    "name": "Can change comment",
    "content_type": 16,
    "codename": "change_comment"
  }
},
{
  "model": "auth.permission",
  "pk": 63,
  "fields": {
    "name": "Can delete comment",
    "content_type": 16,
    "codename": "delete_comment"
  }
},
{
  "model": "auth.permission",
  "pk": 64,
  "fields": {
    "name": "Can view comment",
    "content_type": 16,
    "codename": "view_comment"
  }
},
{
  "model": "auth.permission",
  "pk": 65,
  "fields": {
    "name": "Can add Token",
    "content_type": 17,
    "codename": "add_token"
  }
},
{
  "model": "auth.permission",
  "pk": 66,
  "fields": {
    "name": "Can change Token",
    "content_type": 17,
    "codename": "change_token"
  }
},
{
  "model": "auth.permission",
  "pk": 67,
  "fields": {
    "name": "Can delete Token",
    "content_type": 17,
    "codename": "delete_token"
  }
},
{
  "model": "auth.permission",
  "pk": 68,
  "fields": {
    "name": "Can view Token",
    "content_type": 17,
    "codename": "view_token"
  }
},
{
  "model": "auth.permission",
  "pk": 69,
  "fields": {
    "name": "Can add token",
    "content_type": 18,
    "codename": "add_tokenproxy"
  }
},
{
  "model": "auth.permission",
  "pk": 70,
  "fields": {
    "name": "Can change token",
    "content_type": 18,
    "codename": "change_tokenproxy"
  }
},
{
  "model": "auth.permission",
  "pk": 71,
  "fields": {
    "name": "Can delete token",
    "content_type": 18,
    "codename": "delete_tokenproxy"
  }
},
{
  "model": "auth.permission",
  "pk": 72,
  "fields": {
    "name": "Can view token",
    "content_type": 18,
    "codename": "view_tokenproxy"
  }
},
{
  "model": "auth.permission",
  "pk": 73,
  "fields": {
    "name": "Can add email address",
    "content_type": 19,
    "codename": "add_emailaddress"
  }
},
{
  "model": "auth.permission",
  "pk": 74,
  "fields": {
    "name": "Can change email address",
    "content_type": 19,
    "codename": "change_emailaddress"
  }
},
{
  "model": "auth.permission",
  "pk": 75,
  "fields": {
    "name": "Can delete email address",
    "content_type": 19,
    "codename": "delete_emailaddress"
  }
},
{
  "model": "auth.permission",
  "pk": 76,
  "fields": {
    "name": "Can view email address",
    "content_type": 19,
    "codename": "view_emailaddress"
  }
},
{
  "model": "auth.permission",
  "pk": 77,
  "fields": {
    "name": "Can add email confirmation",
    "content_type": 20,
    "codename": "add_emailconfirmation"
  }
},
{
  "model": "auth.permission",
  "pk": 78,
  "fields": {
    "name": "Can change email confirmation",
    "content_type": 20,
    "codename": "change_emailconfirmation"
  }
},
{
  "model": "auth.permission",
  "pk": 79,
  "fields": {
    "name": "Can delete email confirmation",
    "content_type": 20,
    "codename": "delete_emailconfirmation"
  }
},
{
  "model": "auth.permission",
  "pk": 80,
  "fields": {
    "name": "Can view email confirmation",
    "content_type": 20,
    "codename": "view_emailconfirmation"
  }
},
{
  "model": "auth.permission",
  "pk": 81,
  "fields": {
    "name": "Can add blacklisted token",
    "content_type": 21,
    "codename": "add_blacklistedtoken"
  }
},
{
  "model": "auth.permission",
  "pk": 82,
  "fields": {
    "name": "Can change blacklisted token",
    "content_type": 21,
    "codename": "change_blacklistedtoken"
  }
},
{
  "model": "auth.permission",
  "pk": 83,
  "fields": {
    "name": "Can delete blacklisted token",
    "content_type": 21,
    "codename": "delete_blacklistedtoken"
  }
},
{
  "model": "auth.permission",
  "pk": 84,
  "fields": {
    "name": "Can view blacklisted token",
    "content_type": 21,
    "codename": "view_blacklistedtoken"
  }
},
{
  "model": "auth.permission",
  "pk": 85,
  "fields": {
    "name": "Can add outstanding token",
    "content_type": 22,
    "codename": "add_outstandingtoken"
  }
},
{
  "model": "auth.permission",
  "pk": 86,
  "fields": {
    "name": "Can change outstanding token",
    "content_type": 22,
    "codename": "change_outstandingtoken"
  }
},
{
  "model": "auth.permission",
  "pk": 87,
  "fields": {
    "name": "Can delete outstanding token",
    "content_type": 22,
    "codename": "delete_outstandingtoken"
  }
},
{
  "model": "auth.permission",
  "pk": 88,
  "fields": {
    "name": "Can view outstanding token",
    "content_type": 22,
    "codename": "view_outstandingtoken"
  }
},
{
  "model": "auth.permission",
  "pk": 89,
  "fields": {
    "name": "Can add social account",
    "content_type": 23,
    "codename": "add_socialaccount"
  }
},
{
  "model": "auth.permission",
  "pk": 90,
  "fields": {
    "name": "Can change social account",
    "content_type": 23,
    "codename": "change_socialaccount"
  }
},
{
  "model": "auth.permission",
  "pk": 91,
  "fields": {
    "name": "Can delete social account",
    "content_type": 23,
    "codename": "delete_socialaccount"
  }
},
{
  "model": "auth.permission",
  "pk": 92,
  "fields": {
    "name": "Can view social account",
    "content_type": 23,
    "codename": "view_socialaccount"
  }
},
{
  "model": "auth.permission",
  "pk": 93,
  "fields": {
    "name": "Can add social application",
    "content_type": 24,
    "codename": "add_socialapp"
  }
},
{
  "model": "auth.permission",
  "pk": 94,
  "fields": {
    "name": "Can change social application",
    "content_type": 24,
    "codename": "change_socialapp"
  }
},
{
  "model": "auth.permission",
  "pk": 95,
  "fields": {
    "name": "Can delete social application",
    "content_type": 24,
    "codename": "delete_socialapp"
  }
},
{
  "model": "auth.permission",
  "pk": 96,
  "fields": {
    "name": "Can view social application",
    "content_type": 24,
    "codename": "view_socialapp"
  }
},
{
  "model": "auth.permission",
  "pk": 97,
  "fields": {
    "name": "Can add social application token",
    "content_type": 25,
    "codename": "add_socialtoken"
  }
},
{
  "model": "auth.permission",
  "pk": 98,
  "fields": {
    "name": "Can change social application token",
    "content_type": 25,
    "codename": "change_socialtoken"
  }
},
{
  "model": "auth.permission",
  "pk": 99,
  "fields": {
    "name": "Can delete social application token",
    "content_type": 25,
    "codename": "delete_socialtoken"
  }
},
{
  "model": "auth.permission",
  "pk": 100,
  "fields": {
    "name": "Can view social application token",
    "content_type": 25,
    "codename": "view_socialtoken"
  }
},
{
  "model": "auth.permission",
  "pk": 101,
  "fields": {
    "name": "Can add tag",
    "content_type": 26,
    "codename": "add_tag"
  }
},
{
  "model": "auth.permission",
  "pk": 102,
  "fields": {
    "name": "Can change tag",
    "content_type": 26,
    "codename": "change_tag"
  }
},
{
  "model": "auth.permission",
  "pk": 103,
  "fields": {
    "name": "Can delete tag",
    "content_type": 26,
    "codename": "delete_tag"
  }
},
{
  "model": "auth.permission",
  "pk": 104,
  "fields": {
    "name": "Can view tag",
    "content_type": 26,
    "codename": "view_tag"
  }
},
{
  "model": "auth.permission",
  "pk": 105,
  "fields": {
    "name": "Can add tagged item",
    "content_type": 27,
    "codename": "add_taggeditem"
  }
},
{
  "model": "auth.permission",
  "pk": 106,
  "fields": {
    "name": "Can change tagged item",
    "content_type": 27,
    "codename": "change_taggeditem"
  }
},
{
  "model": "auth.permission",
  "pk": 107,
  "fields": {
    "name": "Can delete tagged item",
    "content_type": 27,
    "codename": "delete_taggeditem"
  }
},
{
  "model": "auth.permission",
  "pk": 108,
  "fields": {
    "name": "Can view tagged item",
    "content_type": 27,
    "codename": "view_taggeditem"
  }
},
{
  "model": "auth.group",
  "pk": 1,
  "fields": {
    "name": "creator",
    "permissions": []
  }
},
{
  "model": "auth.group",
  "pk": 2,
  "fields": {
    "name": "common_user",
    "permissions": []
  }
},
{
  "model": "contenttypes.contenttype",
  "pk": 1,
  "fields": {
    "app_label": "admin",
    "model": "logentry"
  }
},
{
  "model": "contenttypes.contenttype",
  "pk": 2,
  "fields": {
    "app_label": "auth",
    "model": "permission"
  }
},
{
  "model": "contenttypes.contenttype",
  "pk": 3,
  "fields": {
    "app_label": "auth",
    "model": "group"
  }
},
{
  "model": "contenttypes.contenttype",
  "pk": 4,
  "fields": {
    "app_label": "contenttypes",
    "model": "contenttype"
  }
},
{
  "model": "contenttypes.contenttype",
  "pk": 5,
  "fields": {
    "app_label": "sessions",
    "model": "session"
  }
},
{
  "model": "contenttypes.contenttype",
  "pk": 6,
  "fields": {
    "app_label": "sites",
    "model": "site"
  }
},
{
  "model": "contenttypes.contenttype",
  "pk": 7,
  "fields": {
    "app_label": "anime_api",
    "model": "anime"
  }
},
{
  "model": "contenttypes.contenttype",
  "pk": 8,
  "fields": {
    "app_label": "anime_api",
    "model": "season"
  }
},
{
  "model": "contenttypes.contenttype",
  "pk": 9,
  "fields": {
    "app_label": "anime_api",
    "model": "series"
  }
},
{
  "model": "contenttypes.contenttype",
  "pk": 10,
  "fields": {
    "app_label": "anime_api",
    "model": "story"
  }
},
{
  "model": "contenttypes.contenttype",
  "pk": 11,
  "fields": {
    "app_label": "users_api",
    "model": "customuser"
  }
},
{
  "model": "contenttypes.contenttype",
  "pk": 12,
  "fields": {
    "app_label": "users_api",
    "model": "creatorprofile"
  }
},
{
  "model": "contenttypes.contenttype",
  "pk": 13,
  "fields": {
    "app_label": "users_api",
    "model": "follow"
  }
},
{
  "model": "contenttypes.contenttype",
  "pk": 14,
  "fields": {
    "app_label": "users_api",
    "model": "userprofile"
  }
},
{
  "model": "contenttypes.contenttype",
  "pk": 15,
  "fields": {
    "app_label": "users_api",
    "model": "favorite"
  }
},
{
  "model": "contenttypes.contenttype",
  "pk": 16,
  "fields": {
    "app_label": "comment_system",
    "model": "comment"
  }
},
{
  "model": "contenttypes.contenttype",
  "pk": 17,
  "fields": {
    "app_label": "authtoken",
    "model": "token"
  }
},
{
  "model": "contenttypes.contenttype",
  "pk": 18,
  "fields": {
    "app_label": "authtoken",
    "model": "tokenproxy"
  }
},
{
  "model": "contenttypes.contenttype",
  "pk": 19,
  "fields": {
    "app_label": "account",
    "model": "emailaddress"
  }
},
{
  "model": "contenttypes.contenttype",
  "pk": 20,
  "fields": {
    "app_label": "account",
    "model": "emailconfirmation"
  }
},
{
  "model": "contenttypes.contenttype",
  "pk": 21,
  "fields": {
    "app_label": "token_blacklist",
    "model": "blacklistedtoken"
  }
},
{
  "model": "contenttypes.contenttype",
  "pk": 22,
  "fields": {
    "app_label": "token_blacklist",
    "model": "outstandingtoken"
  }
},
{
  "model": "contenttypes.contenttype",
  "pk": 23,
  "fields": {
    "app_label": "socialaccount",
    "model": "socialaccount"
  }
},
{
  "model": "contenttypes.contenttype",
  "pk": 24,
  "fields": {
    "app_label": "socialaccount",
    "model": "socialapp"
  }
},
{
  "model": "contenttypes.contenttype",
  "pk": 25,
  "fields": {
    "app_label": "socialaccount",
    "model": "socialtoken"
  }
},
{
  "model": "contenttypes.contenttype",
  "pk": 26,
  "fields": {
    "app_label": "taggit",
    "model": "tag"
  }
},
{
  "model": "contenttypes.contenttype",
  "pk": 27,
  "fields": {
    "app_label": "taggit",
    "model": "taggeditem"
  }
},
{
  "model": "sessions.session",
  "pk": "i1y1qgfg8wju8zzgxd9zf8j59xy5v5mm",
  "fields": {
    "session_data": "eyJhY2NvdW50X3ZlcmlmaWVkX2VtYWlsIjpudWxsLCJhY2NvdW50X3VzZXIiOiI0In0:1r6uOZ:7NJn6KtcEFtQXVnND8FkvyDRSUFuyymoH0vV116euKg",
    "expire_date": "2023-12-09T15:16:35.803Z"
  }
},
{
  "model": "sessions.session",
  "pk": "ukq6hou93a12m7zgbtf2pm1cqds01zno",
  "fields": {
    "session_data": ".eJxVjMsOwiAURP-FtSFAe3m40x8hF7gEYkMTCyvjv9uaLnQ5Z2bOi3kcvfix0dPXxK5MsssvCxgf1I4Cl-XAHGNcR-v8uznrjd_2RK3XiL2u7X6-_lQFt7J7lCURdLRESElMlJWhYCxIp7PIwpkZbDRaUggCCZROUgFBBnSTsnlm7w_P6DyF:1r6lBo:L5IZhGfcyfF6OFh0VS2fUEer50UFCehcxdmK3DY4Brw",
    "expire_date": "2023-12-09T05:26:48.281Z"
  }
},
{
  "model": "sessions.session",
  "pk": "w2p8p7u4k3txq5g6kc1nhcbijhpsa5u9",
  "fields": {
    "session_data": "eyJhY2NvdW50X3ZlcmlmaWVkX2VtYWlsIjpudWxsLCJhY2NvdW50X3VzZXIiOiI1In0:1r700G:J9pa_pi0Im_eJnnt0N1ejp1VBOyZeVHhHqrzcKppllM",
    "expire_date": "2023-12-09T21:15:52.376Z"
  }
},
{
  "model": "sessions.session",
  "pk": "xwcjhcp78p4lh1p665b53pyxe7ry5154",
  "fields": {
    "session_data": ".eJxVjMsOwiAURP-FtSFAe3m40x8hF7gEYkMTCyvjv9uaLnQ5Z2bOi3kcvfix0dPXxK5MsssvCxgf1I4Cl-XAHGNcR-v8uznrjd_2RK3XiL2u7X6-_lQFt7J7lCURdLRESElMlJWhYCxIp7PIwpkZbDRaUggCCZROUgFBBnSTsnlm7w_P6DyF:1r6uUp:-lNrVd9lMVD24W7nST-sp7_KYj4vOzjEsUqUdEKLhjQ",
    "expire_date": "2023-12-09T15:23:03.022Z"
  }
},
{
  "model": "sites.site",
  "pk": 1,
  "fields": {
    "domain": "example.com",
    "name": "example.com"
  }
},
{
  "model": "anime_api.series",
  "pk": 2,
  "fields": {
    "creator": 1,
    "series_name": "Amagedon",
    "series_poster": "series/posters/2023/11/character_design_avatar_ideas_wyPeb88.jpg",
    "synopsis": "This is the edited synposis",
    "start_date": "2023-11-25T15:35:15.835Z",
    "end_date": null,
    "likes": []
  }
},
{
  "model": "anime_api.series",
  "pk": 3,
  "fields": {
    "creator": 1,
    "series_name": "Attack on Symbiotes",
    "series_poster": "series/posters/2023/11/181_Of_The_Best_Anime_Series_So_Far_2.jpg",
    "synopsis": "Quisque lacinia neque placerat enim malesuada, eget molestie justo cursus. Curabitur sed odio et arcu pellentesque vestibulum sed ac nunc. Nam luctus neque id tortor sollicitudin, sit amet ullamcorper lacus consectetur. Donec eu erat laoreet, luctus leo et, suscipit odio. Mauris ornare interdum commodo. Nam sodales nibh vel feugiat fringilla. Morbi non tellus id nulla rutrum venenatis.",
    "start_date": "2023-11-25T19:51:37.236Z",
    "end_date": null,
    "likes": []
  }
},
{
  "model": "anime_api.series",
  "pk": 31,
  "fields": {
    "creator": 2,
    "series_name": "Den of Monkeys",
    "series_poster": "series/posters/2023/11/Baki_uMqo5WW.jpg",
    "synopsis": "This is the synopsis for pentagon series",
    "start_date": "2023-11-26T00:50:35.246Z",
    "end_date": null,
    "likes": []
  }
},
{
  "model": "anime_api.series",
  "pk": 32,
  "fields": {
    "creator": 2,
    "series_name": "Journey to the South",
    "series_poster": "series/posters/2023/11/Game_store_concept.jpg",
    "synopsis": "The story of a tortoise and a turtle",
    "start_date": "2023-11-26T14:45:50.294Z",
    "end_date": null,
    "likes": []
  }
},
{
  "model": "anime_api.series",
  "pk": 33,
  "fields": {
    "creator": 2,
    "series_name": "War of the Gods",
    "series_poster": "series/posters/2023/11/Baki_wACPFP1.jpg",
    "synopsis": "This is the synopsis for war of the gods",
    "start_date": "2023-11-28T15:56:31.604Z",
    "end_date": null,
    "likes": []
  }
},
{
  "model": "anime_api.series",
  "pk": 34,
  "fields": {
    "creator": 2,
    "series_name": "Machine Wars",
    "series_poster": "series/posters/2023/11/Baki_aFUZiA7.jpg",
    "synopsis": "This is the synopsis for machine wars",
    "start_date": "2023-11-28T17:48:28.027Z",
    "end_date": null,
    "likes": []
  }
},
{
  "model": "anime_api.season",
  "pk": 2,
  "fields": {
    "series": 2,
    "season_number": 1,
    "release_date": "2023-11-28T16:16:19.895Z"
  }
},
{
  "model": "anime_api.season",
  "pk": 3,
  "fields": {
    "series": 33,
    "season_number": 1,
    "release_date": "2023-11-28T16:54:38.536Z"
  }
},
{
  "model": "anime_api.season",
  "pk": 4,
  "fields": {
    "series": 33,
    "season_number": 3,
    "release_date": "2023-11-29T16:40:58.725Z"
  }
},
{
  "model": "anime_api.season",
  "pk": 5,
  "fields": {
    "series": 33,
    "season_number": 4,
    "release_date": "2023-11-29T17:04:46.889Z"
  }
},
{
  "model": "anime_api.season",
  "pk": 6,
  "fields": {
    "series": 31,
    "season_number": 1,
    "release_date": "2023-11-29T17:10:03.273Z"
  }
},
{
  "model": "anime_api.story",
  "pk": 1,
  "fields": {
    "series": 2,
    "season": 2,
    "episode_number": 1,
    "episode_title": "The Fall of the Angels",
    "description": "Lorem ipsum dolor sit amet, consectetur adipiscing elit. Nam vel lorem libero. Donec eu rhoncus ligula. Donec diam lacus, feugiat in mauris vel, sollicitudin laoreet nisi. Vestibulum ante ipsum primis in faucibus orci luctus et ultrices posuere cubilia curae; Pellentesque sit amet ipsum eget arcu interdum blandit at sed urna. Sed cursus luctus turpis, eu faucibus ligula imperdiet egestas.",
    "episode_release_date": "2023-11-28",
    "publish": true,
    "thumbnail": "stories/thumbnails/2023/11/Artist_Turns_Popular_Characters_From_Movies_TV_Series_And_Ani_jc937c4.jpg",
    "content": "Lorem ipsum dolor sit amet, consectetur adipiscing elit. Nam vel lorem libero. Donec eu rhoncus ligula. Donec diam lacus, feugiat in mauris vel, sollicitudin laoreet nisi. Vestibulum ante ipsum primis in faucibus orci luctus et ultrices posuere cubilia curae; Pellentesque sit amet ipsum eget arcu interdum blandit at sed urna. Sed cursus luctus turpis, eu faucibus ligula imperdiet egestas. Aliquam vehicula vestibulum dolor, ut dictum magna mollis eleifend. Aenean imperdiet cursus odio eleifend vehicula.\r\n\r\nLorem ipsum dolor sit amet, consectetur adipiscing elit. Nam vel lorem libero. Donec eu rhoncus ligula. Donec diam lacus, feugiat in mauris vel, sollicitudin laoreet nisi. Vestibulum ante ipsum primis in faucibus orci luctus et ultrices posuere cubilia curae; Pellentesque sit amet ipsum eget arcu interdum blandit at sed urna. Sed cursus luctus turpis, eu faucibus ligula imperdiet egestas. Aliquam vehicula vestibulum dolor, ut dictum magna mollis eleifend. Aenean imperdiet cursus odio eleifend vehicula.\r\n\r\nLorem ipsum dolor sit amet, consectetur adipiscing elit. Nam vel lorem libero. Donec eu rhoncus ligula. Donec diam lacus, feugiat in mauris vel, sollicitudin laoreet nisi. Vestibulum ante ipsum primis in faucibus orci luctus et ultrices posuere cubilia curae; Pellentesque sit amet ipsum eget arcu interdum blandit at sed urna. Sed cursus luctus turpis, eu faucibus ligula imperdiet egestas. Aliquam vehicula vestibulum dolor, ut dictum magna mollis eleifend. Aenean imperdiet cursus odio eleifend vehicula.",
    "likes": []
  }
},
{
  "model": "anime_api.story",
  "pk": 2,
  "fields": {
    "series": 2,
    "season": 2,
    "episode_number": 2,
    "episode_title": "The Molten",
    "description": "Lorem ipsum dolor sit amet, consectetur adipiscing elit. Nam vel lorem libero. Donec eu rhoncus ligula. Donec diam lacus, feugiat in mauris vel, sollicitudin laoreet nisi. Vestibulum ante ipsum primis in faucibus orci luctus et ultrices posuere cubilia curae; Pellentesque sit amet ipsum eget arcu interdum blandit at sed urna. Sed cursus",
    "episode_release_date": "2023-11-28",
    "publish": true,
    "thumbnail": "stories/thumbnails/2023/11/character_design_avatar_ideas_k12nQJr.jpg",
    "content": "Lorem ipsum dolor sit amet, consectetur adipiscing elit. Nam vel lorem libero. Donec eu rhoncus ligula. Donec diam lacus, feugiat in mauris vel, sollicitudin laoreet nisi. Vestibulum ante ipsum primis in faucibus orci luctus et ultrices posuere cubilia curae; Pellentesque sit amet ipsum eget arcu interdum blandit at sed urna. Sed cursus luctus turpis, eu faucibus ligula imperdiet egestas. Aliquam vehicula vestibulum dolor, ut dictum magna mollis eleifend. Aenean imperdiet cursus odio eleifend vehicula.\r\n\r\nLorem ipsum dolor sit amet, consectetur adipiscing elit. Nam vel lorem libero. Donec eu rhoncus ligula. Donec diam lacus, feugiat in mauris vel, sollicitudin laoreet nisi. Vestibulum ante ipsum primis in faucibus orci luctus et ultrices posuere cubilia curae; Pellentesque sit amet ipsum eget arcu interdum blandit at sed urna. Sed cursus luctus turpis, eu faucibus ligula imperdiet egestas. Aliquam vehicula vestibulum dolor, ut dictum magna mollis eleifend. Aenean imperdiet cursus odio eleifend vehicula.\r\nLorem ipsum dolor sit amet, consectetur adipiscing elit. Nam vel lorem libero. Donec eu rhoncus ligula. Donec diam lacus, feugiat in mauris vel, sollicitudin laoreet nisi. Vestibulum ante ipsum primis in faucibus orci luctus et ultrices posuere cubilia curae; Pellentesque sit amet ipsum eget arcu interdum blandit at sed urna. Sed cursus luctus turpis, eu faucibus ligula imperdiet egestas. Aliquam vehicula vestibulum dolor, ut dictum magna mollis eleifend. Aenean imperdiet cursus odio eleifend vehicula.",
    "likes": []
  }
},
{
  "model": "anime_api.story",
  "pk": 3,
  "fields": {
    "series": 2,
    "season": 2,
    "episode_number": 3,
    "episode_title": "The Rise of the Dragon",
    "description": "Lorem ipsum dolor sit amet, consectetur adipiscing elit. Nam vel lorem libero. Donec eu rhoncus ligula. Donec diam lacus, feugiat in mauris vel, sollicitudin laoreet nisi. Vestibulum ante ipsum primis in faucibus orci luctus et ultrices posuere cubilia curae; Pellentesque sit amet ipsum eget arcu interdum blandit at sed urna. Sed cursus luctus turpis, eu faucibus ligula imperdiet egestas. Aliquam vehicula vestibulum dolor, ut dictum magna mollis eleifend. Aenean imperdiet cursus odio eleifend vehicula.",
    "episode_release_date": "2023-11-28",
    "publish": true,
    "thumbnail": "stories/thumbnails/2023/11/character_design_avatar_ideas.jpg",
    "content": "Lorem ipsum dolor sit amet, consectetur adipiscing elit. Nam vel lorem libero. Donec eu rhoncus ligula. Donec diam lacus, feugiat in mauris vel, sollicitudin laoreet nisi. Vestibulum ante ipsum primis in faucibus orci luctus et ultrices posuere cubilia curae; Pellentesque sit amet ipsum eget arcu interdum blandit at sed urna. Sed cursus luctus turpis, eu faucibus ligula imperdiet egestas. Aliquam vehicula vestibulum dolor, ut dictum magna mollis eleifend. Aenean imperdiet cursus odio eleifend vehicula.\r\n\r\nLorem ipsum dolor sit amet, consectetur adipiscing elit. Nam vel lorem libero. Donec eu rhoncus ligula. Donec diam lacus, feugiat in mauris vel, sollicitudin laoreet nisi. Vestibulum ante ipsum primis in faucibus orci luctus et ultrices posuere cubilia curae; Pellentesque sit amet ipsum eget arcu interdum blandit at sed urna. Sed cursus luctus turpis, eu faucibus ligula imperdiet egestas. Aliquam vehicula vestibulum dolor, ut dictum magna mollis eleifend. Aenean imperdiet cursus odio eleifend vehicula.\r\n\r\nLorem ipsum dolor sit amet, consectetur adipiscing elit. Nam vel lorem libero. Donec eu rhoncus ligula. Donec diam lacus, feugiat in mauris vel, sollicitudin laoreet nisi. Vestibulum ante ipsum primis in faucibus orci luctus et ultrices posuere cubilia curae; Pellentesque sit amet ipsum eget arcu interdum blandit at sed urna. Sed cursus luctus turpis, eu faucibus ligula imperdiet egestas. Aliquam vehicula vestibulum dolor, ut dictum magna mollis eleifend. Aenean imperdiet cursus odio eleifend vehicula.",
    "likes": []
  }
},
{
  "model": "anime_api.story",
  "pk": 4,
  "fields": {
    "series": 33,
    "season": 3,
    "episode_number": 1,
    "episode_title": "The visit of the creator",
    "description": "",
    "episode_release_date": "2023-11-28",
    "publish": true,
    "thumbnail": "",
    "content": "Lorem ipsum dolor sit amet, consectetur adipiscing elit. Nam vel lorem libero. Donec eu rhoncus ligula. Donec diam lacus, feugiat in mauris vel, sollicitudin laoreet nisi. Vestibulum ante ipsum primis in faucibus orci luctus et ultrices posuere cubilia curae; Pellentesque sit amet ipsum eget arcu interdum blandit at sed urna. Sed cursus luctus turpis, eu faucibus ligula imperdiet egestas. Aliquam vehicula vestibulum dolor, ut dictum magna mollis eleifend. Aenean imperdiet cursus odio eleifend vehicula.",
    "likes": []
  }
},
{
  "model": "anime_api.story",
  "pk": 5,
  "fields": {
    "series": 33,
    "season": 3,
    "episode_number": 2,
    "episode_title": "Void",
    "description": "This is the part the god of rain fell from the sky",
    "episode_release_date": "2023-11-28",
    "publish": true,
    "thumbnail": "",
    "content": "Lorem ipsum dolor sit amet, consectetur adipiscing elit. Nam vel lorem libero. Donec eu rhoncus ligula. Donec diam lacus, feugiat in mauris vel, sollicitudin laoreet nisi. Vestibulum ante ipsum primis in faucibus orci luctus et ultrices posuere cubilia curae; Pellentesque sit amet ipsum eget arcu interdum blandit at sed urna. Sed cursus luctus turpis, eu faucibus ligula imperdiet egestas. Aliquam vehicula vestibulum dolor, ut dictum magna mollis eleifend. Aenean imperdiet cursus odio eleifend vehicula.",
    "likes": []
  }
},
{
  "model": "anime_api.story",
  "pk": 6,
  "fields": {
    "series": 33,
    "season": 3,
    "episode_number": 3,
    "episode_title": "Void II",
    "description": "",
    "episode_release_date": "2023-11-28",
    "publish": true,
    "thumbnail": "",
    "content": "Lorem ipsum dolor sit amet, consectetur adipiscing elit. Nam vel lorem libero. Donec eu rhoncus ligula. Donec diam lacus, feugiat in mauris vel, sollicitudin laoreet nisi. Vestibulum ante ipsum primis in faucibus orci luctus et ultrices posuere cubilia curae; Pellentesque sit amet ipsum eget arcu interdum blandit at sed urna. Sed cursus luctus turpis, eu faucibus ligula imperdiet egestas. Aliquam vehicula vestibulum dolor, ut dictum magna mollis eleifend. Aenean imperdiet cursus odio eleifend vehicula.",
    "likes": []
  }
},
{
  "model": "anime_api.story",
  "pk": 7,
  "fields": {
    "series": 33,
    "season": 3,
    "episode_number": 4,
    "episode_title": "Void III",
    "description": "",
    "episode_release_date": "2023-11-28",
    "publish": true,
    "thumbnail": "",
    "content": "Lorem ipsum dolor sit amet, consectetur adipiscing elit. Nam vel lorem libero. Donec eu rhoncus ligula. Donec diam lacus, feugiat in mauris vel, sollicitudin laoreet nisi. Vestibulum ante ipsum primis in faucibus orci luctus et ultrices posuere cubilia curae; Pellentesque sit amet ipsum eget arcu interdum blandit at sed urna. Sed cursus luctus turpis, eu faucibus ligula imperdiet egestas. Aliquam vehicula vestibulum dolor, ut dictum magna mollis eleifend. Aenean imperdiet cursus odio eleifend vehicula.",
    "likes": []
  }
},
{
  "model": "anime_api.story",
  "pk": 8,
  "fields": {
    "series": 33,
    "season": 3,
    "episode_number": 5,
    "episode_title": "Hope I",
    "description": "",
    "episode_release_date": "2023-11-28",
    "publish": true,
    "thumbnail": "",
    "content": "Lorem ipsum dolor sit amet, consectetur adipiscing elit. Nam vel lorem libero. Donec eu rhoncus ligula. Donec diam lacus, feugiat in mauris vel, sollicitudin laoreet nisi. Vestibulum ante ipsum primis in faucibus orci luctus et ultrices posuere cubilia curae; Pellentesque sit amet ipsum eget arcu interdum blandit at sed urna. Sed cursus luctus turpis, eu faucibus ligula imperdiet egestas. Aliquam vehicula vestibulum dolor, ut dictum magna mollis eleifend. Aenean imperdiet cursus odio eleifend vehicula.",
    "likes": []
  }
},
{
  "model": "anime_api.story",
  "pk": 9,
  "fields": {
    "series": 33,
    "season": 3,
    "episode_number": 6,
    "episode_title": "Hope II",
    "description": "",
    "episode_release_date": "2023-11-29",
    "publish": true,
    "thumbnail": "stories/thumbnails/2023/11/Pictures_Worth_More_Than_1000_Words_24_images.jpg",
    "content": "Lorem ipsum dolor sit amet, consectetur adipiscing elit. Nam vel lorem libero. Donec eu rhoncus ligula. Donec diam lacus, feugiat in mauris vel, sollicitudin laoreet nisi. Vestibulum ante ipsum primis in faucibus orci luctus et ultrices posuere cubilia curae; Pellentesque sit amet ipsum eget arcu interdum blandit at sed urna. Sed cursus luctus turpis, eu faucibus ligula imperdiet egestas. Aliquam vehicula vestibulum dolor, ut dictum magna mollis eleifend. Aenean imperdiet cursus odio eleifend vehicula.",
    "likes": []
  }
},
{
  "model": "anime_api.anime",
  "pk": 3,
  "fields": {
    "series": 31,
    "season": 6,
    "episode_number": 1,
    "episode_title": "Monkeys Play by Sizes",
    "description": null,
    "episode_release_date": "2023-11-29",
    "publish": true,
    "anime_thumbnail": "",
    "video_file": "animations/video/2023/11/big_buck_bunny_720p_5mb.mp4",
    "likes": []
  }
},
{
  "model": "anime_api.anime",
  "pk": 4,
  "fields": {
    "series": 31,
    "season": 6,
    "episode_number": 2,
    "episode_title": "Monkeys Play by Sizes",
    "description": null,
    "episode_release_date": "2023-11-29",
    "publish": true,
    "anime_thumbnail": "",
    "video_file": "animations/video/2023/11/big_buck_bunny_720p_5mb_aHmKkpI.mp4",
    "likes": []
  }
},
{
  "model": "anime_api.anime",
  "pk": 5,
  "fields": {
    "series": 31,
    "season": 6,
    "episode_number": 3,
    "episode_title": "Monkeys Play by Sizes",
    "description": null,
    "episode_release_date": "2023-11-29",
    "publish": true,
    "anime_thumbnail": "",
    "video_file": "animations/video/2023/11/big_buck_bunny_720p_5mb_BOELf2M.mp4",
    "likes": []
  }
},
{
  "model": "anime_api.anime",
  "pk": 6,
  "fields": {
    "series": 31,
    "season": 6,
    "episode_number": 2,
    "episode_title": "Play Ground",
    "description": "This is the description",
    "episode_release_date": "2023-11-29",
    "publish": true,
    "anime_thumbnail": "",
    "video_file": "animations/video/2023/11/big_buck_bunny_720p_5mb_Co7Nr5V.mp4",
    "likes": []
  }
},
{
  "model": "anime_api.anime",
  "pk": 11,
  "fields": {
    "series": 31,
    "season": 6,
    "episode_number": 6,
    "episode_title": "Play Ground",
    "description": "This is the description",
    "episode_release_date": "2023-11-29",
    "publish": true,
    "anime_thumbnail": "",
    "video_file": "animations/video/2023/11/file_example_MP4_480_1_5MG_kvKcFjC.mp4",
    "likes": []
  }
},
{
  "model": "anime_api.anime",
  "pk": 12,
  "fields": {
    "series": 31,
    "season": 6,
    "episode_number": 7,
    "episode_title": "dolor sit amet",
    "description": "sdfsdf",
    "episode_release_date": "2023-11-29",
    "publish": true,
    "anime_thumbnail": "animations/thumbnails/2023/11/Pictures_Worth_More_Than_1000_Words_24_images.jpg",
    "video_file": "animations/video/2023/11/SampleVideo_1280x720_2mb.mp4",
    "likes": []
  }
},
{
  "model": "anime_api.anime",
  "pk": 13,
  "fields": {
    "series": 31,
    "season": 6,
    "episode_number": 8,
    "episode_title": "Worlds Have fallen III",
    "description": "Age of the dark Lords",
    "episode_release_date": "2023-11-29",
    "publish": true,
    "anime_thumbnail": "animations/thumbnails/2023/11/Cute_And_Funny_Wallpapers.jpg",
    "video_file": "animations/video/2023/11/file_example_MP4_480_1_5MG_w4jaHXa.mp4",
    "likes": []
  }
},
{
  "model": "anime_api.anime",
  "pk": 31,
  "fields": {
    "series": 31,
    "season": 6,
    "episode_number": 11,
    "episode_title": "Worlds Have fallen IV",
    "description": "Age of the dark Lords",
    "episode_release_date": "2023-11-29",
    "publish": true,
    "anime_thumbnail": "animations/thumbnails/2023/11/Cute_And_Funny_Wallpapers_pNCWJ8C.jpg",
    "video_file": "animations/video/2023/11/file_example_MP4_480_1_5MG_Id7GniB.mp4",
    "likes": []
  }
},
{
  "model": "anime_api.anime",
  "pk": 32,
  "fields": {
    "series": 31,
    "season": 6,
    "episode_number": 12,
    "episode_title": "Worlds Have fallen IV",
    "description": "Age of the dark Lords",
    "episode_release_date": "2023-11-29",
    "publish": true,
    "anime_thumbnail": "animations/thumbnails/2023/11/Cute_And_Funny_Wallpapers_1o5hYrk.jpg",
    "video_file": "animations/video/2023/11/file_example_MP4_480_1_5MG_D37pgHl.mp4",
    "likes": []
  }
},
{
  "model": "anime_api.anime",
  "pk": 33,
  "fields": {
    "series": 31,
    "season": 6,
    "episode_number": 13,
    "episode_title": "Worlds Have fallen IV",
    "description": "Age of the dark Lords",
    "episode_release_date": "2023-11-29",
    "publish": true,
    "anime_thumbnail": "animations/thumbnails/2023/11/Cute_And_Funny_Wallpapers_kQcKNoi.jpg",
    "video_file": "animations/video/2023/11/file_example_MP4_480_1_5MG_YtKMxKc.mp4",
    "likes": []
  }
},
{
  "model": "anime_api.anime",
  "pk": 34,
  "fields": {
    "series": 31,
    "season": 6,
    "episode_number": 9,
    "episode_title": "Yellow Bananas",
    "description": "I like bananas",
    "episode_release_date": "2023-11-29",
    "publish": true,
    "anime_thumbnail": "animations/thumbnails/2023/11/Cute_And_Funny_Wallpapers_6wPSdzd.jpg",
    "video_file": "animations/video/2023/11/file_example_MP4_480_1_5MG_mlEcdzQ.mp4",
    "likes": []
  }
},
{
  "model": "anime_api.anime",
  "pk": 35,
  "fields": {
    "series": 31,
    "season": 6,
    "episode_number": 10,
    "episode_title": "Green Bananas",
    "description": "I like bananas",
    "episode_release_date": "2023-11-29",
    "publish": true,
    "anime_thumbnail": "animations/thumbnails/2023/11/Cute_And_Funny_Wallpapers_UbGrxna.jpg",
    "video_file": "animations/video/2023/11/file_example_MP4_480_1_5MG_dyE5bDt.mp4",
    "likes": []
  }
},
{
  "model": "users_api.customuser",
  "pk": 1,
  "fields": {
    "password": "pbkdf2_sha256$600000$FUdBysfE91WnzRLp0Nbbu9$AUGn3z01KAiEHFENGuJfu1w5bsimrq9RCufWYJkRPyU=",
    "last_login": "2023-11-25T15:23:02.854Z",
    "is_superuser": true,
    "username": "admin",
    "first_name": "",
    "last_name": "",
    "is_staff": true,
    "is_active": true,
    "date_joined": "2023-11-25T05:25:55Z",
    "email": "admin@admin.com",
    "is_creator": true,
    "groups": [],
    "user_permissions": []
  }
},
{
  "model": "users_api.customuser",
  "pk": 4,
  "fields": {
    "password": "pbkdf2_sha256$600000$HwxBfQw95eemiF0YZ0qKcD$ajZ6uumYz00IF+JdgOounyZdfF+iTHf+YwoZZVIDYqU=",
    "last_login": null,
    "is_superuser": false,
    "username": "princeaffumasante",
    "first_name": "",
    "last_name": "",
    "is_staff": false,
    "is_active": true,
    "date_joined": "2023-11-25T15:16:32Z",
    "email": "princeaffumasante@gmail.com",
    "is_creator": true,
    "groups": [
      2
    ],
    "user_permissions": []
  }
},
{
  "model": "users_api.customuser",
  "pk": 5,
  "fields": {
    "password": "pbkdf2_sha256$600000$mdItDpTo0NopoxVcpdEVgx$O3sHAr0VlRS2fqqPTdXAkRB8mAutzxLGDoTr78hHVR4=",
    "last_login": null,
    "is_superuser": false,
    "username": "asnteprince777",
    "first_name": "",
    "last_name": "",
    "is_staff": false,
    "is_active": true,
    "date_joined": "2023-11-25T21:15:35.305Z",
    "email": "asnteprince777@gmail.com",
    "is_creator": false,
    "groups": [
      2
    ],
    "user_permissions": []
  }
},
{
  "model": "users_api.creatorprofile",
  "pk": 1,
  "fields": {
    "creator": 1,
    "company_name": "skycreator",
    "company_website": "http://www.sky-creator.com",
    "company_description": "Animation",
    "creator_logo": "default/creator_default.jpg"
  }
},
{
  "model": "users_api.creatorprofile",
  "pk": 2,
  "fields": {
    "creator": 4,
    "company_name": "Danger On Road",
    "company_website": "http://www.dangeroncreativity.com",
    "company_description": "All forms of animations",
    "creator_logo": "creatorProfile/2023/11/28/Artist_Turns_Popular_Characters_From_Movies_TV_Series_And_Anim_xY4OQui.jpg"
  }
},
{
  "model": "users_api.userprofile",
  "pk": 4,
  "fields": {
    "user": 5,
    "profile_img": "default/default.jpg"
  }
},
{
  "model": "taggit.tag",
  "pk": 1,
  "fields": {
    "name": "jinkins",
    "slug": "jinkins"
  }
},
{
  "model": "taggit.tag",
  "pk": 17,
  "fields": {
    "name": "titans",
    "slug": "titans"
  }
},
{
  "model": "taggit.tag",
  "pk": 37,
  "fields": {
    "name": "gore",
    "slug": "gore"
  }
},
{
  "model": "taggit.tag",
  "pk": 38,
  "fields": {
    "name": "action",
    "slug": "action"
  }
},
{
  "model": "taggit.tag",
  "pk": 88,
  "fields": {
    "name": "one",
    "slug": "one"
  }
},
{
  "model": "taggit.tag",
  "pk": 89,
  "fields": {
    "name": "two",
    "slug": "two"
  }
},
{
  "model": "taggit.tag",
  "pk": 92,
  "fields": {
    "name": "four",
    "slug": "four"
  }
},
{
  "model": "taggit.tag",
  "pk": 95,
  "fields": {
    "name": "three",
    "slug": "three"
  }
},
{
  "model": "taggit.tag",
  "pk": 97,
  "fields": {
    "name": "ten",
    "slug": "ten"
  }
},
{
  "model": "taggit.tag",
  "pk": 98,
  "fields": {
    "name": "eleven",
    "slug": "eleven"
  }
},
{
  "model": "taggit.tag",
  "pk": 99,
  "fields": {
    "name": "comedy",
    "slug": "comedy"
  }
},
{
  "model": "taggit.tag",
  "pk": 100,
  "fields": {
    "name": "power",
    "slug": "power"
  }
},
{
  "model": "taggit.tag",
  "pk": 101,
  "fields": {
    "name": "angels",
    "slug": "angels"
  }
},
{
  "model": "taggit.tag",
  "pk": 102,
  "fields": {
    "name": "blood",
    "slug": "blood"
  }
},
{
  "model": "taggit.tag",
  "pk": 103,
  "fields": {
    "name": "symbiotes",
    "slug": "symbiotes"
  }
},
{
  "model": "taggit.tag",
  "pk": 104,
  "fields": {
    "name": "action,gore",
    "slug": "actiongore"
  }
},
{
  "model": "taggit.tag",
  "pk": 105,
  "fields": {
    "name": "anime",
    "slug": "anime"
  }
},
{
  "model": "taggit.tag",
  "pk": 106,
  "fields": {
    "name": "fun",
    "slug": "fun"
  }
},
{
  "model": "taggit.tag",
  "pk": 107,
  "fields": {
    "name": "entertainment",
    "slug": "entertainment"
  }
},
{
  "model": "taggit.tag",
  "pk": 108,
  "fields": {
    "name": "bloood",
    "slug": "bloood"
  }
},
{
  "model": "taggit.tag",
  "pk": 109,
  "fields": {
    "name": "money",
    "slug": "money"
  }
},
{
  "model": "taggit.tag",
  "pk": 110,
  "fields": {
    "name": "comics",
    "slug": "comics"
  }
},
{
  "model": "taggit.taggeditem",
  "pk": 96,
  "fields": {
    "tag": 38,
    "content_type": 9,
    "object_id": 31
  }
},
{
  "model": "taggit.taggeditem",
  "pk": 266,
  "fields": {
    "tag": 97,
    "content_type": 9,
    "object_id": 2
  }
},
{
  "model": "taggit.taggeditem",
  "pk": 267,
  "fields": {
    "tag": 98,
    "content_type": 9,
    "object_id": 2
  }
},
{
  "model": "taggit.taggeditem",
  "pk": 268,
  "fields": {
    "tag": 99,
    "content_type": 9,
    "object_id": 32
  }
},
{
  "model": "taggit.taggeditem",
  "pk": 269,
  "fields": {
    "tag": 38,
    "content_type": 9,
    "object_id": 32
  }
},
{
  "model": "taggit.taggeditem",
  "pk": 270,
  "fields": {
    "tag": 37,
    "content_type": 9,
    "object_id": 33
  }
},
{
  "model": "taggit.taggeditem",
  "pk": 271,
  "fields": {
    "tag": 38,
    "content_type": 9,
    "object_id": 33
  }
},
{
  "model": "taggit.taggeditem",
  "pk": 272,
  "fields": {
    "tag": 100,
    "content_type": 10,
    "object_id": 1
  }
},
{
  "model": "taggit.taggeditem",
  "pk": 273,
  "fields": {
    "tag": 101,
    "content_type": 10,
    "object_id": 1
  }
},
{
  "model": "taggit.taggeditem",
  "pk": 274,
  "fields": {
    "tag": 38,
    "content_type": 10,
    "object_id": 1
  }
},
{
  "model": "taggit.taggeditem",
  "pk": 275,
  "fields": {
    "tag": 100,
    "content_type": 10,
    "object_id": 2
  }
},
{
  "model": "taggit.taggeditem",
  "pk": 276,
  "fields": {
    "tag": 101,
    "content_type": 10,
    "object_id": 2
  }
},
{
  "model": "taggit.taggeditem",
  "pk": 277,
  "fields": {
    "tag": 38,
    "content_type": 10,
    "object_id": 2
  }
},
{
  "model": "taggit.taggeditem",
  "pk": 278,
  "fields": {
    "tag": 100,
    "content_type": 10,
    "object_id": 3
  }
},
{
  "model": "taggit.taggeditem",
  "pk": 279,
  "fields": {
    "tag": 101,
    "content_type": 10,
    "object_id": 3
  }
},
{
  "model": "taggit.taggeditem",
  "pk": 280,
  "fields": {
    "tag": 38,
    "content_type": 10,
    "object_id": 3
  }
},
{
  "model": "taggit.taggeditem",
  "pk": 281,
  "fields": {
    "tag": 37,
    "content_type": 9,
    "object_id": 34
  }
},
{
  "model": "taggit.taggeditem",
  "pk": 282,
  "fields": {
    "tag": 38,
    "content_type": 9,
    "object_id": 34
  }
},
{
  "model": "taggit.taggeditem",
  "pk": 283,
  "fields": {
    "tag": 102,
    "content_type": 10,
    "object_id": 7
  }
},
{
  "model": "taggit.taggeditem",
  "pk": 284,
  "fields": {
    "tag": 37,
    "content_type": 10,
    "object_id": 7
  }
},
{
  "model": "taggit.taggeditem",
  "pk": 285,
  "fields": {
    "tag": 38,
    "content_type": 10,
    "object_id": 7
  }
},
{
  "model": "taggit.taggeditem",
  "pk": 286,
  "fields": {
    "tag": 102,
    "content_type": 9,
    "object_id": 3
  }
},
{
  "model": "taggit.taggeditem",
  "pk": 287,
  "fields": {
    "tag": 38,
    "content_type": 9,
    "object_id": 3
  }
},
{
  "model": "taggit.taggeditem",
  "pk": 288,
  "fields": {
    "tag": 103,
    "content_type": 9,
    "object_id": 3
  }
},
{
  "model": "taggit.taggeditem",
  "pk": 310,
  "fields": {
    "tag": 37,
    "content_type": 10,
    "object_id": 5
  }
},
{
  "model": "taggit.taggeditem",
  "pk": 311,
  "fields": {
    "tag": 38,
    "content_type": 10,
    "object_id": 5
  }
},
{
  "model": "taggit.taggeditem",
  "pk": 312,
  "fields": {
    "tag": 37,
    "content_type": 10,
    "object_id": 8
  }
},
{
  "model": "taggit.taggeditem",
  "pk": 313,
  "fields": {
    "tag": 38,
    "content_type": 10,
    "object_id": 8
  }
},
{
  "model": "taggit.taggeditem",
  "pk": 317,
  "fields": {
    "tag": 106,
    "content_type": 7,
    "object_id": 6
  }
},
{
  "model": "taggit.taggeditem",
  "pk": 318,
  "fields": {
    "tag": 107,
    "content_type": 7,
    "object_id": 6
  }
},
{
  "model": "taggit.taggeditem",
  "pk": 327,
  "fields": {
    "tag": 37,
    "content_type": 10,
    "object_id": 9
  }
},
{
  "model": "taggit.taggeditem",
  "pk": 328,
  "fields": {
    "tag": 38,
    "content_type": 10,
    "object_id": 9
  }
},
{
  "model": "taggit.taggeditem",
  "pk": 329,
  "fields": {
    "tag": 105,
    "content_type": 7,
    "object_id": 12
  }
},
{
  "model": "taggit.taggeditem",
  "pk": 330,
  "fields": {
    "tag": 38,
    "content_type": 7,
    "object_id": 12
  }
},
{
  "model": "taggit.taggeditem",
  "pk": 331,
  "fields": {
    "tag": 1,
    "content_type": 7,
    "object_id": 12
  }
},
{
  "model": "taggit.taggeditem",
  "pk": 350,
  "fields": {
    "tag": 109,
    "content_type": 7,
    "object_id": 33
  }
},
{
  "model": "taggit.taggeditem",
  "pk": 351,
  "fields": {
    "tag": 108,
    "content_type": 7,
    "object_id": 33
  }
},
{
  "model": "taggit.taggeditem",
  "pk": 352,
  "fields": {
    "tag": 37,
    "content_type": 7,
    "object_id": 33
  }
},
{
  "model": "taggit.taggeditem",
  "pk": 353,
  "fields": {
    "tag": 109,
    "content_type": 7,
    "object_id": 34
  }
},
{
  "model": "taggit.taggeditem",
  "pk": 354,
  "fields": {
    "tag": 108,
    "content_type": 7,
    "object_id": 34
  }
},
{
  "model": "taggit.taggeditem",
  "pk": 355,
  "fields": {
    "tag": 37,
    "content_type": 7,
    "object_id": 34
  }
},
{
  "model": "taggit.taggeditem",
  "pk": 356,
  "fields": {
    "tag": 109,
    "content_type": 7,
    "object_id": 35
  }
},
{
  "model": "taggit.taggeditem",
  "pk": 357,
  "fields": {
    "tag": 108,
    "content_type": 7,
    "object_id": 35
  }
},
{
  "model": "taggit.taggeditem",
  "pk": 358,
  "fields": {
    "tag": 37,
    "content_type": 7,
    "object_id": 35
  }
},
{
  "model": "taggit.taggeditem",
  "pk": 359,
  "fields": {
    "tag": 106,
    "content_type": 7,
    "object_id": 4
  }
},
{
  "model": "taggit.taggeditem",
  "pk": 360,
  "fields": {
    "tag": 99,
    "content_type": 7,
    "object_id": 4
  }
},
{
  "model": "taggit.taggeditem",
  "pk": 361,
  "fields": {
    "tag": 110,
    "content_type": 7,
    "object_id": 4
  }
},
{
  "model": "account.emailaddress",
  "pk": 3,
  "fields": {
    "user": 4,
    "email": "princeaffumasante@gmail.com",
    "verified": true,
    "primary": true
  }
},
{
  "model": "account.emailaddress",
  "pk": 4,
  "fields": {
    "user": 5,
    "email": "asnteprince777@gmail.com",
    "verified": true,
    "primary": true
  }
},
{
  "model": "token_blacklist.outstandingtoken",
  "pk": 1,
  "fields": {
    "user": null,
    "jti": "8dbd6203cde64c4c8ce050559def47c2",
    "token": "eyJhbGciOiJIUzI1NiIsInR5cCI6IkpXVCJ9.eyJ0b2tlbl90eXBlIjoicmVmcmVzaCIsImV4cCI6MTcwNTI0NDczOCwiaWF0IjoxNzAwOTI0NzM4LCJqdGkiOiI4ZGJkNjIwM2NkZTY0YzRjOGNlMDUwNTU5ZGVmNDdjMiIsInVzZXJfaWQiOjJ9.f2Mw2Jdch_937TODaYbSqNOsVBEjTC8GtePa45Wd3Eo",
    "created_at": "2023-11-25T15:05:38.094Z",
    "expires_at": "2024-01-14T15:05:38Z"
  }
},
{
  "model": "token_blacklist.outstandingtoken",
  "pk": 2,
  "fields": {
    "user": 5,
    "jti": "90c0ea1b83f64a3f88d02fb9cd0ecb1c",
    "token": "eyJhbGciOiJIUzI1NiIsInR5cCI6IkpXVCJ9.eyJ0b2tlbl90eXBlIjoicmVmcmVzaCIsImV4cCI6MTcwNTI2NzEwOSwiaWF0IjoxNzAwOTQ3MTA5LCJqdGkiOiI5MGMwZWExYjgzZjY0YTNmODhkMDJmYjljZDBlY2IxYyIsInVzZXJfaWQiOjV9.CEUSJkVbDdIegr0j5sWe1mG3eKd33nw6SlqX7sFPIHY",
    "created_at": "2023-11-25T21:18:29.915Z",
    "expires_at": "2024-01-14T21:18:29Z"
  }
},
{
  "model": "token_blacklist.outstandingtoken",
  "pk": 3,
  "fields": {
    "user": 4,
    "jti": "e06f2802255b4185984f7564021f514d",
    "token": "eyJhbGciOiJIUzI1NiIsInR5cCI6IkpXVCJ9.eyJ0b2tlbl90eXBlIjoicmVmcmVzaCIsImV4cCI6MTcwNTI3MDE2MCwiaWF0IjoxNzAwOTUwMTYwLCJqdGkiOiJlMDZmMjgwMjI1NWI0MTg1OTg0Zjc1NjQwMjFmNTE0ZCIsInVzZXJfaWQiOjR9.E6JBB7fPbl0etsLrXfV0yY1syI_7QTVdhs_LyX-Tiyo",
    "created_at": "2023-11-25T22:09:20.001Z",
    "expires_at": "2024-01-14T22:09:20Z"
  }
},
{
  "model": "token_blacklist.outstandingtoken",
  "pk": 4,
  "fields": {
    "user": null,
    "jti": "73b77df62ca747148b0bb0eb79305203",
    "token": "eyJhbGciOiJIUzI1NiIsInR5cCI6IkpXVCJ9.eyJ0b2tlbl90eXBlIjoicmVmcmVzaCIsImV4cCI6MTcwMTAxNzcxMiwiaWF0IjoxNjk2Njk3NzEyLCJqdGkiOiI3M2I3N2RmNjJjYTc0NzE0OGIwYmIwZWI3OTMwNTIwMyIsInVzZXJfaWQiOjQsImlzX2NyZWF0b3IiOmZhbHNlLCJlbWFpbCI6InVzZXIxQGV4YW1wbGUuY29tIn0.M4xWoeZi6M5MlZpziz3_hBFwvL0aft7noOKwRKJ8OY8",
    "created_at": null,
    "expires_at": "2023-11-26T16:55:12Z"
  }
},
{
  "model": "token_blacklist.outstandingtoken",
  "pk": 5,
  "fields": {
    "user": 5,
    "jti": "ec732785640e4c5fb9a6debfe347adb3",
    "token": "eyJhbGciOiJIUzI1NiIsInR5cCI6IkpXVCJ9.eyJ0b2tlbl90eXBlIjoicmVmcmVzaCIsImV4cCI6MTcwNTUwNDY2MiwiaWF0IjoxNzAxMTg0NjYyLCJqdGkiOiJlYzczMjc4NTY0MGU0YzVmYjlhNmRlYmZlMzQ3YWRiMyIsInVzZXJfaWQiOjV9.HnNh2ubFvZKm3hlp0YniO4Fcof7emiC4Gw0yN-Dmc9M",
    "created_at": "2023-11-28T15:17:42.475Z",
    "expires_at": "2024-01-17T15:17:42Z"
  }
},
{
  "model": "token_blacklist.outstandingtoken",
  "pk": 6,
  "fields": {
    "user": 5,
    "jti": "178fc85eb8974b25b68be7269cece05b",
    "token": "eyJhbGciOiJIUzI1NiIsInR5cCI6IkpXVCJ9.eyJ0b2tlbl90eXBlIjoicmVmcmVzaCIsImV4cCI6MTcwNTUwNTg3OSwiaWF0IjoxNzAxMTg1ODc5LCJqdGkiOiIxNzhmYzg1ZWI4OTc0YjI1YjY4YmU3MjY5Y2VjZTA1YiIsInVzZXJfaWQiOjV9.7Fuukl9K_Kg70Z7YTMHhHqHwg-sYZH6zSOvJwtx5FoI",
    "created_at": "2023-11-28T15:37:59.299Z",
    "expires_at": "2024-01-17T15:37:59Z"
  }
},
{
  "model": "token_blacklist.outstandingtoken",
  "pk": 7,
  "fields": {
    "user": 4,
    "jti": "68a29cb467f44b21b3535fc49637e76b",
    "token": "eyJhbGciOiJIUzI1NiIsInR5cCI6IkpXVCJ9.eyJ0b2tlbl90eXBlIjoicmVmcmVzaCIsImV4cCI6MTcwNTUwNjkyMywiaWF0IjoxNzAxMTg2OTIzLCJqdGkiOiI2OGEyOWNiNDY3ZjQ0YjIxYjM1MzVmYzQ5NjM3ZTc2YiIsInVzZXJfaWQiOjR9.N5qXHWODMfqwKY0K_Xg8VhzGi5o8gmduYC7AUK5KYL0",
    "created_at": "2023-11-28T15:55:23.519Z",
    "expires_at": "2024-01-17T15:55:23Z"
  }
},
{
  "model": "token_blacklist.outstandingtoken",
  "pk": 8,
  "fields": {
    "user": 4,
    "jti": "ece15caf104f44b0b6916b30eb501978",
    "token": "eyJhbGciOiJIUzI1NiIsInR5cCI6IkpXVCJ9.eyJ0b2tlbl90eXBlIjoicmVmcmVzaCIsImV4cCI6MTcwNTUwOTE0OSwiaWF0IjoxNzAxMTg5MTQ5LCJqdGkiOiJlY2UxNWNhZjEwNGY0NGIwYjY5MTZiMzBlYjUwMTk3OCIsInVzZXJfaWQiOjR9.AzqBBlNjuS4_tSwhMk--M00KGiCGTWb9e4zaR-FyaDk",
    "created_at": "2023-11-28T16:32:29.468Z",
    "expires_at": "2024-01-17T16:32:29Z"
  }
},
{
  "model": "token_blacklist.outstandingtoken",
  "pk": 9,
  "fields": {
    "user": 4,
    "jti": "5f43519fad0f4a57b7a883ca0aa5c7a0",
    "token": "eyJhbGciOiJIUzI1NiIsInR5cCI6IkpXVCJ9.eyJ0b2tlbl90eXBlIjoicmVmcmVzaCIsImV4cCI6MTcwNTUxMDQ2NSwiaWF0IjoxNzAxMTkwNDY1LCJqdGkiOiI1ZjQzNTE5ZmFkMGY0YTU3YjdhODgzY2EwYWE1YzdhMCIsInVzZXJfaWQiOjR9.6IDCZCWPCMfaAZEy-YwVV9C8MosbvjcGiv9oeTAT6sY",
    "created_at": "2023-11-28T16:54:25.874Z",
    "expires_at": "2024-01-17T16:54:25Z"
  }
},
{
  "model": "token_blacklist.outstandingtoken",
  "pk": 10,
  "fields": {
    "user": 4,
    "jti": "72806352c91e48a198f5f6245ee191f5",
    "token": "eyJhbGciOiJIUzI1NiIsInR5cCI6IkpXVCJ9.eyJ0b2tlbl90eXBlIjoicmVmcmVzaCIsImV4cCI6MTcwNTUyMjIzNiwiaWF0IjoxNzAxMjAyMjM2LCJqdGkiOiI3MjgwNjM1MmM5MWU0OGExOThmNWY2MjQ1ZWUxOTFmNSIsInVzZXJfaWQiOjR9.8PzTlNZbWcWVFtkontegXmmp541bkRCQ1NsfD_U63BA",
    "created_at": "2023-11-28T20:10:36.213Z",
    "expires_at": "2024-01-17T20:10:36Z"
  }
},
{
  "model": "token_blacklist.outstandingtoken",
  "pk": 11,
  "fields": {
    "user": 4,
    "jti": "6fc2f88813ee4cc4ab33d051e107b173",
    "token": "eyJhbGciOiJIUzI1NiIsInR5cCI6IkpXVCJ9.eyJ0b2tlbl90eXBlIjoicmVmcmVzaCIsImV4cCI6MTcwNTU5NTkwNSwiaWF0IjoxNzAxMjc1OTA1LCJqdGkiOiI2ZmMyZjg4ODEzZWU0Y2M0YWIzM2QwNTFlMTA3YjE3MyIsInVzZXJfaWQiOjR9.ErMRc3HKhezaS1YIoWPP_Jhk7gOhVLmrLhAJmg-N5WE",
    "created_at": "2023-11-29T16:38:25.691Z",
    "expires_at": "2024-01-18T16:38:25Z"
  }
},
{
  "model": "token_blacklist.outstandingtoken",
  "pk": 12,
  "fields": {
    "user": 5,
    "jti": "da7b2951d09f466585bf4f8dd0f156c6",
    "token": "eyJhbGciOiJIUzI1NiIsInR5cCI6IkpXVCJ9.eyJ0b2tlbl90eXBlIjoicmVmcmVzaCIsImV4cCI6MTcwNTU5NzI1MSwiaWF0IjoxNzAxMjc3MjUxLCJqdGkiOiJkYTdiMjk1MWQwOWY0NjY1ODViZjRmOGRkMGYxNTZjNiIsInVzZXJfaWQiOjV9.TYwi-dzr6AFKdJBq-_iguOP7Pa4CsRf8rPiC2L1jWjU",
    "created_at": "2023-11-29T17:00:51.119Z",
    "expires_at": "2024-01-18T17:00:51Z"
  }
},
{
  "model": "token_blacklist.outstandingtoken",
  "pk": 13,
  "fields": {
    "user": 4,
    "jti": "5ba55059f76344afb249282711a71df4",
    "token": "eyJhbGciOiJIUzI1NiIsInR5cCI6IkpXVCJ9.eyJ0b2tlbl90eXBlIjoicmVmcmVzaCIsImV4cCI6MTcwNTYwNjQ5NiwiaWF0IjoxNzAxMjg2NDk2LCJqdGkiOiI1YmE1NTA1OWY3NjM0NGFmYjI0OTI4MjcxMWE3MWRmNCIsInVzZXJfaWQiOjR9.rmL71U-r2F-bn_DCPWfK87JBdCPVEun78gxTTg1VJhA",
    "created_at": "2023-11-29T19:34:56.221Z",
    "expires_at": "2024-01-18T19:34:56Z"
  }
},
{
  "model": "token_blacklist.outstandingtoken",
  "pk": 14,
  "fields": {
    "user": 4,
    "jti": "13c3407284174f11b98763d112450b16",
    "token": "eyJhbGciOiJIUzI1NiIsInR5cCI6IkpXVCJ9.eyJ0b2tlbl90eXBlIjoicmVmcmVzaCIsImV4cCI6MTcwNTYwNzAxMSwiaWF0IjoxNzAxMjg3MDExLCJqdGkiOiIxM2MzNDA3Mjg0MTc0ZjExYjk4NzYzZDExMjQ1MGIxNiIsInVzZXJfaWQiOjR9.Luivepg4BQ7STcTz_i-v8qw6l-bjTxeXx8vYRBEVt5U",
    "created_at": "2023-11-29T19:43:31.621Z",
    "expires_at": "2024-01-18T19:43:31Z"
  }
},
{
  "model": "token_blacklist.outstandingtoken",
  "pk": 15,
  "fields": {
    "user": 4,
    "jti": "478f7da3c1fd4223ad1fbeb5a1e0eddf",
    "token": "eyJhbGciOiJIUzI1NiIsInR5cCI6IkpXVCJ9.eyJ0b2tlbl90eXBlIjoicmVmcmVzaCIsImV4cCI6MTcwNTYwNzA0MywiaWF0IjoxNzAxMjg3MDQzLCJqdGkiOiI0NzhmN2RhM2MxZmQ0MjIzYWQxZmJlYjVhMWUwZWRkZiIsInVzZXJfaWQiOjR9.oYOjfp1r29V8A0yGgwFG3zA_bZfj7RwfTdOAFv0gY_E",
    "created_at": "2023-11-29T19:44:03.083Z",
    "expires_at": "2024-01-18T19:44:03Z"
  }
},
{
  "model": "token_blacklist.outstandingtoken",
  "pk": 16,
  "fields": {
    "user": 4,
    "jti": "51ced7b7cbd444cabd2b45bd31b6013a",
    "token": "eyJhbGciOiJIUzI1NiIsInR5cCI6IkpXVCJ9.eyJ0b2tlbl90eXBlIjoicmVmcmVzaCIsImV4cCI6MTcwNTYwNzYyMiwiaWF0IjoxNzAxMjg3NjIyLCJqdGkiOiI1MWNlZDdiN2NiZDQ0NGNhYmQyYjQ1YmQzMWI2MDEzYSIsInVzZXJfaWQiOjR9.20E7N8PUwBLHuwUwnLoP-CBmyb5tM3C77336VLKnc1s",
    "created_at": "2023-11-29T19:53:42.880Z",
    "expires_at": "2024-01-18T19:53:42Z"
  }
},
{
  "model": "token_blacklist.blacklistedtoken",
  "pk": 1,
  "fields": {
    "token": 4,
    "blacklisted_at": "2023-11-26T14:41:33.971Z"
  }
},
{
  "model": "token_blacklist.blacklistedtoken",
  "pk": 2,
  "fields": {
    "token": 9,
    "blacklisted_at": "2023-11-28T20:01:17.751Z"
  }
},
{
  "model": "token_blacklist.blacklistedtoken",
  "pk": 3,
  "fields": {
    "token": 15,
    "blacklisted_at": "2023-11-29T19:45:06.843Z"
  }
}
]
